arm,case_id,completed_agents,disturbance,episode_path,episode_sha256,episode_wall_seconds,family,makespan,map_name,new_author_calls,new_solver_seconds,num_agents,pending_queries,query_count,query_payload_bytes,reference_author_seconds,reference_solver_seconds,restricted_sum_completion,solver_calls,solver_failure_count,split,stale_queries,status,success,sum_completion
history_only,random-32-32-10__s03__n08,8,stable,episodes/CAL/random-32-32-10__s03__n08__stable/history_only/episode.json,f7ca12204c8788b011ff6a269825b730a550184a7007e470f764be3687eaf20f,0.6824947169807274,random-32-32-10__s03,42.0,random-32-32-10,10,0.015350285975728184,8,0,0,0,0.40205166398664005,0.015350285975728184,164.0,10,0,CAL,0,completed,True,164.0
fixed_update,random-32-32-10__s03__n08,8,stable,episodes/CAL/random-32-32-10__s03__n08__stable/fixed_update/episode.json,85bb55b0fe67916fbd332262c454f7b8c42d145f430515100b955cbca7ebf888,0.12564181300695054,random-32-32-10__s03,42.0,random-32-32-10,0,0.0,8,0,8,2978,0.40205166398664005,0.015350285975728184,164.0,10,0,CAL,0,completed,True,164.0
history_rule,random-32-32-10__s03__n08,8,stable,episodes/CAL/random-32-32-10__s03__n08__stable/history_rule/episode.json,f13b851ffe96483c6eaf47cd7fba29de1fd373aef2c2dad3a231e706bc20002d,0.11110995401395485,random-32-32-10__s03,42.0,random-32-32-10,0,0.0,8,0,3,1113,0.40205166398664005,0.015350285975728184,164.0,10,0,CAL,0,completed,True,164.0
learned_query,random-32-32-10__s03__n08,8,stable,episodes/CAL/random-32-32-10__s03__n08__stable/learned_query/episode.json,276091367f9806517cba147b5b1ebc5028e0fa77f58af8d0ecfb3f06dec776f6,0.11325916697387584,random-32-32-10__s03,42.0,random-32-32-10,0,0.0,8,0,8,2978,0.40205166398664005,0.015350285975728184,164.0,10,0,CAL,0,completed,True,164.0
dense_position,random-32-32-10__s03__n08,8,stable,episodes/CAL/random-32-32-10__s03__n08__stable/dense_position/episode.json,e057650acd48fbc5ee8a0a473a2467c9df20df8ccdb9f2b3263edeb51b3f6cec,0.1172498659871053,random-32-32-10__s03,42.0,random-32-32-10,0,0.0,8,0,36,13406,0.40205166398664005,0.015350285975728184,164.0,10,0,CAL,0,completed,True,164.0
history_only,random-32-32-10__s03__n08,8,bounded_pause,episodes/CAL/random-32-32-10__s03__n08__bounded_pause/history_only/episode.json,ec6489689f79033aa6a59a3dbf7c62cd31eb6981d49a6b73f0b5d93318bffe0a,0.7554822659876663,random-32-32-10__s03,45.0,random-32-32-10,11,0.015072658949065953,8,0,0,0,0.4389993950317148,0.015072658949065953,200.0,11,0,CAL,0,completed,True,200.0
fixed_update,random-32-32-10__s03__n08,8,bounded_pause,episodes/CAL/random-32-32-10__s03__n08__bounded_pause/fixed_update/episode.json,23952d6ade47a6892ba4abea54774fa1231d8b7e28c1cc815df3daef78a34004,0.1826136489980854,random-32-32-10__s03,45.0,random-32-32-10,1,0.0013891560083720833,8,0,8,2994,0.43774871004279703,0.015075903967954218,200.0,11,0,CAL,0,completed,True,200.0
history_rule,random-32-32-10__s03__n08,8,bounded_pause,episodes/CAL/random-32-32-10__s03__n08__bounded_pause/history_rule/episode.json,9429f81041b52b66a12aedeaa9909fee16aed6fba3fcf715dac312a3a1716fad,0.13273524399846792,random-32-32-10__s03,45.0,random-32-32-10,0,0.0,8,0,2,740,0.4389993950317148,0.015072658949065953,200.0,11,0,CAL,0,completed,True,200.0
learned_query,random-32-32-10__s03__n08,8,bounded_pause,episodes/CAL/random-32-32-10__s03__n08__bounded_pause/learned_query/episode.json,370a79d0b3f4dd629482f302bcbca98964214c75d0c639715e94027f48f06556,0.1818677130213473,random-32-32-10__s03,45.0,random-32-32-10,1,0.0014271760010160506,8,0,8,2993,0.4389717450540047,0.015209227945888415,200.0,11,0,CAL,0,completed,True,200.0
dense_position,random-32-32-10__s03__n08,8,bounded_pause,episodes/CAL/random-32-32-10__s03__n08__bounded_pause/dense_position/episode.json,f722c6b810b2a626b4c5916d32a30afe5289f9cc5025de440ccc6a1f44f8f2ed,0.29541045197402127,random-32-32-10__s03,45.0,random-32-32-10,3,0.004317765997257084,8,0,43,16119,0.43658112204866484,0.01502675996744074,200.0,11,0,CAL,0,completed,True,200.0
history_only,random-32-32-10__s03__n08,8,speed_shift,episodes/CAL/random-32-32-10__s03__n08__speed_shift/history_only/episode.json,cd1c678f795e6c1f3e19e56c024f972a7887f490999bc65dd73a47d94b223439,0.6213956320134457,random-32-32-10__s03,44.0,random-32-32-10,9,0.012273031024960801,8,0,0,0,0.39454434698564,0.013643880025483668,199.0,10,0,CAL,0,completed,True,199.0
fixed_update,random-32-32-10__s03__n08,8,speed_shift,episodes/CAL/random-32-32-10__s03__n08__speed_shift/fixed_update/episode.json,efce790e8b25a1cbcbe14693f74b9d3e4324f698e669cbd0866540b171da7753,0.22378947999095544,random-32-32-10__s03,44.0,random-32-32-10,2,0.0026083840057253838,8,0,8,2978,0.3941273899981752,0.013599824043922126,199.0,10,0,CAL,0,completed,True,199.0
history_rule,random-32-32-10__s03__n08,8,speed_shift,episodes/CAL/random-32-32-10__s03__n08__speed_shift/history_rule/episode.json,77246cf3d7e9edc746fe34ecd0cbb1cd2c97df2ccf6b0bfcc0d9fd30484c2350,0.11675857898080721,random-32-32-10__s03,44.0,random-32-32-10,0,0.0,8,0,2,740,0.39454434698564,0.013643880025483668,199.0,10,0,CAL,0,completed,True,199.0
learned_query,random-32-32-10__s03__n08,8,speed_shift,episodes/CAL/random-32-32-10__s03__n08__speed_shift/learned_query/episode.json,4282cc14227618cd28572758d3d9cc57ac616ee47665e721f8161288092e7e53,0.11388515599537641,random-32-32-10__s03,44.0,random-32-32-10,0,0.0,8,0,8,2978,0.39454434698564,0.013643880025483668,199.0,10,0,CAL,0,completed,True,199.0
dense_position,random-32-32-10__s03__n08,8,speed_shift,episodes/CAL/random-32-32-10__s03__n08__speed_shift/dense_position/episode.json,5cedae9896ee7de319fe7d86bf8663a800cae2b8d11c7941451e247a2d9d9ed7,0.45384303299942985,random-32-32-10__s03,44.0,random-32-32-10,6,0.007865882012993097,8,0,43,16024,0.39620373703655787,0.013399439019849524,199.0,10,0,CAL,0,completed,True,199.0
history_only,random-32-32-10__s03__n16,16,stable,episodes/CAL/random-32-32-10__s03__n16__stable/history_only/episode.json,a86287d01f19c552ab7141ed181d60b3dc2b1e0b753d1e18c93daad002267823,1.7516575980116613,random-32-32-10__s03,47.0,random-32-32-10,11,0.04321058001369238,16,0,0,0,1.0232786390115507,0.04321058001369238,371.0,11,0,CAL,0,completed,True,371.0
fixed_update,random-32-32-10__s03__n16,16,stable,episodes/CAL/random-32-32-10__s03__n16__stable/fixed_update/episode.json,6fe3057c1d5b52491bf47b9c961009eba27259661f182f1d9219b816e0657d99,0.30664073801017366,random-32-32-10__s03,47.0,random-32-32-10,0,0.0,16,0,16,5980,1.0232786390115507,0.04321058001369238,371.0,11,0,CAL,0,completed,True,371.0
history_rule,random-32-32-10__s03__n16,16,stable,episodes/CAL/random-32-32-10__s03__n16__stable/history_rule/episode.json,0962eb28cbaa016d8d18cad28e11dd8f475f2afc273e36f6d91818200cd9f01b,0.3073355039814487,random-32-32-10__s03,47.0,random-32-32-10,0,0.0,16,0,9,3353,1.0232786390115507,0.04321058001369238,371.0,11,0,CAL,0,completed,True,371.0
learned_query,random-32-32-10__s03__n16,16,stable,episodes/CAL/random-32-32-10__s03__n16__stable/learned_query/episode.json,bd88ca4b35303d6c811d9f251ded06b05d2b0573d6bde97f28f3918901b8b942,0.3019255319959484,random-32-32-10__s03,47.0,random-32-32-10,0,0.0,16,0,16,5978,1.0232786390115507,0.04321058001369238,371.0,11,0,CAL,0,completed,True,371.0
dense_position,random-32-32-10__s03__n16,16,stable,episodes/CAL/random-32-32-10__s03__n16__stable/dense_position/episode.json,c970f41d19b86f9c1e4a0e395c20e9085c8a33701698dc1eb6b84c63a1f08fd6,0.3011567479989026,random-32-32-10__s03,47.0,random-32-32-10,0,0.0,16,0,81,30261,1.0232786390115507,0.04321058001369238,371.0,11,0,CAL,0,completed,True,371.0
history_only,random-32-32-10__s03__n16,16,bounded_pause,episodes/CAL/random-32-32-10__s03__n16__bounded_pause/history_only/episode.json,10d2e06c317c6c1d6358b45a807884863ec8e644da669406d4903c280256d5e5,2.723473059013486,random-32-32-10__s03,70.0,random-32-32-10,17,0.050227365049067885,16,0,0,0,1.574535412073601,0.050227365049067885,478.0,17,0,CAL,0,completed,True,478.0
fixed_update,random-32-32-10__s03__n16,16,bounded_pause,episodes/CAL/random-32-32-10__s03__n16__bounded_pause/fixed_update/episode.json,001a855f63fb347546f196cbc4373a4c79dff7243e5ed58391245cf1deb4cfc3,0.7309914369834587,random-32-32-10__s03,70.0,random-32-32-10,2,0.009285200998419896,16,0,16,6005,1.575213496107608,0.050552067055832595,478.0,17,0,CAL,0,completed,True,478.0
history_rule,random-32-32-10__s03__n16,16,bounded_pause,episodes/CAL/random-32-32-10__s03__n16__bounded_pause/history_rule/episode.json,e9a83e978f071794e27eb6a3fd82389ff000ca49ff08950cf76dcdbba0a9c363,0.460095425019972,random-32-32-10__s03,70.0,random-32-32-10,0,0.0,16,0,10,3743,1.5749282490869518,0.050436827033990994,478.0,17,0,CAL,0,completed,True,478.0
learned_query,random-32-32-10__s03__n16,16,bounded_pause,episodes/CAL/random-32-32-10__s03__n16__bounded_pause/learned_query/episode.json,2eb77f0649961430cd23509dd677477e61a33808bb27e0519e33d2f3cb97e239,0.7299799000029452,random-32-32-10__s03,70.0,random-32-32-10,2,0.003813310991972685,16,0,16,6006,1.5737191750085913,0.05002853804035112,478.0,17,0,CAL,0,completed,True,478.0
dense_position,random-32-32-10__s03__n16,16,bounded_pause,episodes/CAL/random-32-32-10__s03__n16__bounded_pause/dense_position/episode.json,f319cd3fe5b51793f0af023618261a69a774675453e52a6d1eb0085dc4a9569e,1.8142921479884535,random-32-32-10__s03,70.0,random-32-32-10,10,0.037161376007134095,16,0,106,39927,1.5845488350605592,0.050880094029707834,478.0,17,0,CAL,0,completed,True,478.0
history_only,random-32-32-10__s03__n16,16,speed_shift,episodes/CAL/random-32-32-10__s03__n16__speed_shift/history_only/episode.json,a53379d804636b00ab79a3868e743d6dc66930b21ff0bed589fbe68a2dfa76cd,2.956460878980579,random-32-32-10__s03,76.0,random-32-32-10,18,0.05798149193287827,16,0,0,0,1.713325352029642,0.05798149193287827,498.0,18,0,CAL,0,completed,True,498.0
fixed_update,random-32-32-10__s03__n16,16,speed_shift,episodes/CAL/random-32-32-10__s03__n16__speed_shift/fixed_update/episode.json,89a22aae0a839a39fb05a8a62ec64a53448ca79f84a68c93748b272b1a09d00d,1.1503764860099182,random-32-32-10__s03,76.0,random-32-32-10,5,0.015103965037269518,16,0,16,5972,1.7127060280472506,0.05769753101048991,498.0,18,0,CAL,0,completed,True,498.0
history_rule,random-32-32-10__s03__n16,16,speed_shift,episodes/CAL/random-32-32-10__s03__n16__speed_shift/history_rule/episode.json,028b4baa851ac475283dc91d750657a33f5f0d941d296a9500d8ca7a89fef28e,0.4887703930144198,random-32-32-10__s03,76.0,random-32-32-10,0,0.0,16,0,10,3727,1.713325352029642,0.05798149193287827,498.0,18,0,CAL,0,completed,True,498.0
learned_query,random-32-32-10__s03__n16,16,speed_shift,episodes/CAL/random-32-32-10__s03__n16__speed_shift/learned_query/episode.json,c0f9ed141221c35a26378a8844863b6c9a9f754b078cb8f3a61056ed98193b89,0.48408408599789254,random-32-32-10__s03,76.0,random-32-32-10,0,0.0,16,0,16,5972,1.713325352029642,0.05798149193287827,498.0,18,0,CAL,0,completed,True,498.0
dense_position,random-32-32-10__s03__n16,16,speed_shift,episodes/CAL/random-32-32-10__s03__n16__speed_shift/dense_position/episode.json,33f3bb8aa85dad02a1fa6b825020912db932fcf3349e41196734d3cf27ad3daa,1.5513349150132854,random-32-32-10__s03,76.0,random-32-32-10,8,0.035784991981927305,16,0,110,41156,1.7073381119698752,0.05671389398048632,498.0,18,0,CAL,0,completed,True,498.0
history_only,random-32-32-10__s03__n32,32,stable,episodes/CAL/random-32-32-10__s03__n32__stable/history_only/episode.json,3f247e49b723904f38bbe170ecff11aa45ab84cec408247355971b28b7954aad,3.904979552986333,random-32-32-10__s03,47.0,random-32-32-10,11,0.1369125290075317,32,0,0,0,2.2708543540211394,0.1369125290075317,736.0,11,0,CAL,0,completed,True,736.0
fixed_update,random-32-32-10__s03__n32,32,stable,episodes/CAL/random-32-32-10__s03__n32__stable/fixed_update/episode.json,f812a2e4ed9fcf5d5c800597aec3aebcfacdc9dfa3b39bcda7d95391c85267e4,0.7164707600022666,random-32-32-10__s03,47.0,random-32-32-10,0,0.0,32,0,32,11986,2.2708543540211394,0.1369125290075317,736.0,11,0,CAL,0,completed,True,736.0
history_rule,random-32-32-10__s03__n32,32,stable,episodes/CAL/random-32-32-10__s03__n32__stable/history_rule/episode.json,487623483e17af07f9fe336eae51358ad16182411464c7c258d7a144ecc3f682,0.712680933997035,random-32-32-10__s03,47.0,random-32-32-10,0,0.0,32,0,23,8608,2.2708543540211394,0.1369125290075317,736.0,11,0,CAL,0,completed,True,736.0
learned_query,random-32-32-10__s03__n32,32,stable,episodes/CAL/random-32-32-10__s03__n32__stable/learned_query/episode.json,d737bacfaa75bc52c91570431ea92ee42727eb21d93e640405c986d9ff92ab31,0.7128426580165979,random-32-32-10__s03,47.0,random-32-32-10,0,0.0,32,0,32,11986,2.2708543540211394,0.1369125290075317,736.0,11,0,CAL,0,completed,True,736.0
dense_position,random-32-32-10__s03__n32,32,stable,episodes/CAL/random-32-32-10__s03__n32__stable/dense_position/episode.json,c99e22eadecaf41066b26ba18fc7dc32add1a3b9abe287b3f5f7dcd5a3962098,0.713213677983731,random-32-32-10__s03,47.0,random-32-32-10,0,0.0,32,0,158,59197,2.2708543540211394,0.1369125290075317,736.0,11,0,CAL,0,completed,True,736.0
history_only,random-32-32-10__s03__n32,32,bounded_pause,episodes/CAL/random-32-32-10__s03__n32__bounded_pause/history_only/episode.json,922fb765d9db32039135500b0e6788af82ad5e16dfa80c7cb06188f3fd53531b,6.4452688499877695,random-32-32-10__s03,76.0,random-32-32-10,18,0.20111454292782582,32,0,0,0,3.6905639501055703,0.20111454292782582,1056.0,18,0,CAL,0,completed,True,1056.0
fixed_update,random-32-32-10__s03__n32,32,bounded_pause,episodes/CAL/random-32-32-10__s03__n32__bounded_pause/fixed_update/episode.json,70d0d6a2a21600e0ec77d4f4450862266fddbf84e8066358207d8afcfa28499a,5.605977206985699,random-32-32-10__s03,76.0,random-32-32-10,15,0.1552948150492739,32,0,32,12051,3.734912213985808,0.22351189301116392,1054.75,18,0,CAL,3,completed,True,1054.75
history_rule,random-32-32-10__s03__n32,32,bounded_pause,episodes/CAL/random-32-32-10__s03__n32__bounded_pause/history_rule/episode.json,39deaa39f6d7cefb7615addf97f0d63bdb970237deb476926e55cedffe1cbedc,2.7233078769932035,random-32-32-10__s03,76.0,random-32-32-10,5,0.07541207000031136,32,0,32,12119,3.7148937170859426,0.20173034496838227,1056.0,18,0,CAL,6,completed,True,1056.0
learned_query,random-32-32-10__s03__n32,32,bounded_pause,episodes/CAL/random-32-32-10__s03__n32__bounded_pause/learned_query/episode.json,636cfb447cbb153e0705dccef71de7b47b12ba8dd735b07fe69101ee3dc36522,2.1095463749952614,random-32-32-10__s03,76.0,random-32-32-10,3,0.048313102015526965,32,0,32,12039,3.7051850481075235,0.20137721896753646,1056.0,18,0,CAL,1,completed,True,1056.0
dense_position,random-32-32-10__s03__n32,32,bounded_pause,episodes/CAL/random-32-32-10__s03__n32__bounded_pause/dense_position/episode.json,e91a62a3ac2a904e92778d5f0bba1df9b32cc5b6a9dc25a64e6e8b6566317520,6.520308654988185,random-32-32-10__s03,76.0,random-32-32-10,18,0.22952633304521441,32,0,219,83117,3.7383245019009337,0.22952633304521441,1042.5,18,0,CAL,6,completed,True,1042.5
history_only,random-32-32-10__s03__n32,32,speed_shift,episodes/CAL/random-32-32-10__s03__n32__speed_shift/history_only/episode.json,8e1399751b4cb87ef219daff767843ea4c74a92047e59132dac9f1a23ea1deee,6.787269149004715,random-32-32-10__s03,77.0,random-32-32-10,19,0.20797864100313745,32,0,0,0,3.905822967091808,0.20797864100313745,1011.0,19,0,CAL,0,completed,True,1011.0
fixed_update,random-32-32-10__s03__n32,32,speed_shift,episodes/CAL/random-32-32-10__s03__n32__speed_shift/fixed_update/episode.json,defd3b392b96d57e1ea390d7de54f6f4b741fd542ca3216f3f0942a1f52bef2b,3.2901857040124014,random-32-32-10__s03,77.0,random-32-32-10,7,0.11424867698224261,32,0,32,11975,3.900487400998827,0.2074468109931331,1011.0,19,0,CAL,0,completed,True,1011.0
history_rule,random-32-32-10__s03__n32,32,speed_shift,episodes/CAL/random-32-32-10__s03__n32__speed_shift/history_rule/episode.json,4f9095adfe44778dd7b44f4ec6032dc07b5e8b98da690d1dd75871b021b7bd11,2.3885345039889216,random-32-32-10__s03,77.0,random-32-32-10,4,0.05108769697835669,32,0,32,11984,3.8985501460847445,0.2072819099703338,1011.0,19,0,CAL,0,completed,True,1011.0
learned_query,random-32-32-10__s03__n32,32,speed_shift,episodes/CAL/random-32-32-10__s03__n32__speed_shift/learned_query/episode.json,73ce2a48e90e40cee1cbeb59cdbbc7df73a01df6609e8ebb75b4c9e5b3ccf7ff,2.1209479319804814,random-32-32-10__s03,77.0,random-32-32-10,3,0.06407325196778402,32,0,32,11977,3.9045500131032895,0.20796578895533457,1011.0,19,0,CAL,0,completed,True,1011.0
dense_position,random-32-32-10__s03__n32,32,speed_shift,episodes/CAL/random-32-32-10__s03__n32__speed_shift/dense_position/episode.json,7b485ab96a75b46249cecbe237b5959a430e7116f06a792fc359ec2d7cc19cdf,6.53153148398269,random-32-32-10__s03,77.0,random-32-32-10,18,0.17679515504278243,32,0,217,81436,3.9494999059825204,0.2064491740311496,1011.0,19,0,CAL,0,completed,True,1011.0
history_only,random-32-32-10__s04__n08,8,stable,episodes/TEST/random-32-32-10__s04__n08__stable/history_only/episode.json,a8cb0f386d9b30c156e3cdcd6961343387e3c6c9a256d174cdff84b39ddedc83,0.9200856560200918,random-32-32-10__s04,44.0,random-32-32-10,10,0.019426554994424805,8,0,0,0,0.5310045210353564,0.019426554994424805,212.0,10,0,TEST,0,completed,True,212.0
fixed_update,random-32-32-10__s04__n08,8,stable,episodes/TEST/random-32-32-10__s04__n08__stable/fixed_update/episode.json,39dd643d73210667d7293fefdf9720a0d076762410b23757a8033fc2bf14b5d2,0.1486231430026237,random-32-32-10__s04,44.0,random-32-32-10,0,0.0,8,0,8,2978,0.5310045210353564,0.019426554994424805,212.0,10,0,TEST,0,completed,True,212.0
history_rule,random-32-32-10__s04__n08,8,stable,episodes/TEST/random-32-32-10__s04__n08__stable/history_rule/episode.json,b8b7d000d2629be0fe7cb2c4198b516cb286d5044ed848c663c85290a8f38fb5,0.16016334801679477,random-32-32-10__s04,44.0,random-32-32-10,0,0.0,8,0,4,1486,0.5310045210353564,0.019426554994424805,212.0,10,0,TEST,0,completed,True,212.0
learned_query,random-32-32-10__s04__n08,8,stable,episodes/TEST/random-32-32-10__s04__n08__stable/learned_query/episode.json,a71160314c20e2f7bc4556d3d24cb51deb2b9dd867925830f0037041a7b88faa,0.15506068998365663,random-32-32-10__s04,44.0,random-32-32-10,0,0.0,8,0,8,2978,0.5310045210353564,0.019426554994424805,212.0,10,0,TEST,0,completed,True,212.0
dense_position,random-32-32-10__s04__n08,8,stable,episodes/TEST/random-32-32-10__s04__n08__stable/dense_position/episode.json,58b58ffba17a1c00b60d8b95bc334c02dafe2b034e615d06b9e59c5689893b1b,0.14893010901869275,random-32-32-10__s04,44.0,random-32-32-10,0,0.0,8,0,48,17894,0.5310045210353564,0.019426554994424805,212.0,10,0,TEST,0,completed,True,212.0
history_only,random-32-32-10__s04__n08,8,bounded_pause,episodes/TEST/random-32-32-10__s04__n08__bounded_pause/history_only/episode.json,6e27e51666dc64f101bb3eb28ecd598e09c69f46bf3742fff18da06ae962097a,1.7594814879994374,random-32-32-10__s04,77.0,random-32-32-10,19,0.039157097053248435,8,0,0,0,1.0212989120918792,0.039157097053248435,297.0,19,0,TEST,0,completed,True,297.0
fixed_update,random-32-32-10__s04__n08,8,bounded_pause,episodes/TEST/random-32-32-10__s04__n08__bounded_pause/fixed_update/episode.json,0d40b56405bd8c1b7f6ccb861afd3e02007cc68cfa6e0b4d8c19268b38d0fcc6,0.2923441349994391,random-32-32-10__s04,77.0,random-32-32-10,0,0.0,8,0,8,2977,1.0212989120918792,0.039157097053248435,297.0,19,0,TEST,0,completed,True,297.0
history_rule,random-32-32-10__s04__n08,8,bounded_pause,episodes/TEST/random-32-32-10__s04__n08__bounded_pause/history_rule/episode.json,e7f65296dd8b36c2ac1baf8e265403ff58180f8c74b308bfc9461c831289c8a4,0.37362067701178603,random-32-32-10__s04,77.0,random-32-32-10,1,0.001565384998684749,8,0,6,2246,1.0211722720705438,0.03908427603892051,297.0,19,0,TEST,0,completed,True,297.0
learned_query,random-32-32-10__s04__n08,8,bounded_pause,episodes/TEST/random-32-32-10__s04__n08__bounded_pause/learned_query/episode.json,238e7411fcc6565675ef5682fd0b88feb30e05b8b7b8bd167ac464e52deec5e9,0.4627003739879001,random-32-32-10__s04,77.0,random-32-32-10,2,0.009456713014515117,8,0,8,3008,1.0246181710681412,0.040120169054716825,297.0,19,0,TEST,0,completed,True,297.0
dense_position,random-32-32-10__s04__n08,8,bounded_pause,episodes/TEST/random-32-32-10__s04__n08__bounded_pause/dense_position/episode.json,08a0af377ad6318944101bb5f1af005b49cfbed3831fd6b2752a0cf48fbe983b,1.5369573969801422,random-32-32-10__s04,77.0,random-32-32-10,16,0.02566179004497826,8,0,67,25358,1.0097923549183179,0.039159605046734214,297.0,19,0,TEST,0,completed,True,297.0
history_only,random-32-32-10__s04__n08,8,speed_shift,episodes/TEST/random-32-32-10__s04__n08__speed_shift/history_only/episode.json,a258c83d72639e661c819cd58310a0e5faa2aff81118b7d051d94d9f969a00eb,1.5786238109867554,random-32-32-10__s04,73.0,random-32-32-10,17,0.0349219539493788,8,0,0,0,0.9612749679654371,0.036729100946104154,278.0,18,0,TEST,0,completed,True,278.0
fixed_update,random-32-32-10__s04__n08,8,speed_shift,episodes/TEST/random-32-32-10__s04__n08__speed_shift/fixed_update/episode.json,24ce7a074ef0d9e64c4f4e611a9f64e7f803a2f727e504b011c7fb9098e33d2d,0.5049910570087377,random-32-32-10__s04,73.0,random-32-32-10,3,0.008500443014781922,8,0,8,2978,0.9611782799474895,0.03687231597723439,278.0,18,0,TEST,0,completed,True,278.0
history_rule,random-32-32-10__s04__n08,8,speed_shift,episodes/TEST/random-32-32-10__s04__n08__speed_shift/history_rule/episode.json,63933cf696cc958b7c9bdab7cc038667127f4efeba1877fd5d3187f4da9aa35d,0.27254006298608147,random-32-32-10__s04,73.0,random-32-32-10,0,0.0,8,0,5,1859,0.9612749679654371,0.036729100946104154,278.0,18,0,TEST,0,completed,True,278.0
learned_query,random-32-32-10__s04__n08,8,speed_shift,episodes/TEST/random-32-32-10__s04__n08__speed_shift/learned_query/episode.json,5d8c72ee817ac230d9ac0c58b7cbf4f9b563c200805f69d3d8c680308f764419,0.3552231799985748,random-32-32-10__s04,73.0,random-32-32-10,1,0.0017427399870939553,8,0,8,2978,0.9606693849200383,0.03702946595149115,278.0,18,0,TEST,0,completed,True,278.0
dense_position,random-32-32-10__s04__n08,8,speed_shift,episodes/TEST/random-32-32-10__s04__n08__speed_shift/dense_position/episode.json,262e42bc59b4fdecf618e969a51a8a599d72426c26fee1380e3b9fb77384feb2,1.5857450959738344,random-32-32-10__s04,73.0,random-32-32-10,17,0.034043570049107075,8,0,65,24262,0.9570758800255135,0.035850717045832425,278.0,18,0,TEST,0,completed,True,278.0
history_only,random-32-32-10__s04__n16,16,stable,episodes/TEST/random-32-32-10__s04__n16__stable/history_only/episode.json,6c3975feace6aa447b818be8b9649321c1f73e1a4cbdfb9f90511086795a3847,1.6626660540059675,random-32-32-10__s04,44.0,random-32-32-10,10,0.026070053048897535,16,0,0,0,0.9546243650256656,0.026070053048897535,357.0,10,0,TEST,0,completed,True,357.0
fixed_update,random-32-32-10__s04__n16,16,stable,episodes/TEST/random-32-32-10__s04__n16__stable/fixed_update/episode.json,3459c3edcd5c31f1cc2981e0f66d4d254c3fd82b51730c6867e9c2b18d6d041d,0.29612714299582876,random-32-32-10__s04,44.0,random-32-32-10,0,0.0,16,0,16,5972,0.9546243650256656,0.026070053048897535,357.0,10,0,TEST,0,completed,True,357.0
history_rule,random-32-32-10__s04__n16,16,stable,episodes/TEST/random-32-32-10__s04__n16__stable/history_rule/episode.json,199a513f718a0bc29b11432706d791fbb10fc915a0eb5f0441fdd3a9a1dea635,0.2890082400117535,random-32-32-10__s04,44.0,random-32-32-10,0,0.0,16,0,9,3353,0.9546243650256656,0.026070053048897535,357.0,10,0,TEST,0,completed,True,357.0
learned_query,random-32-32-10__s04__n16,16,stable,episodes/TEST/random-32-32-10__s04__n16__stable/learned_query/episode.json,5ae833f2d6092a8c1999a619f4c603a3cb48c0024e0a26a7b7a3f66256a2d431,0.2881814799911808,random-32-32-10__s04,44.0,random-32-32-10,0,0.0,16,0,16,5968,0.9546243650256656,0.026070053048897535,357.0,10,0,TEST,0,completed,True,357.0
dense_position,random-32-32-10__s04__n16,16,stable,episodes/TEST/random-32-32-10__s04__n16__stable/dense_position/episode.json,ceaf306a5cc593ad7e8e63e8a98b60659cfd8a071c7d15ff3898b2af9a6d8020,0.29223478501080535,random-32-32-10__s04,44.0,random-32-32-10,0,0.0,16,0,80,29868,0.9546243650256656,0.026070053048897535,357.0,10,0,TEST,0,completed,True,357.0
history_only,random-32-32-10__s04__n16,16,bounded_pause,episodes/TEST/random-32-32-10__s04__n16__bounded_pause/history_only/episode.json,0d19ad08027bb9235b97ee2e50e16c29211b84ce6aebe075c9c5f7c6fc1e59e9,3.163275294995401,random-32-32-10__s04,77.0,random-32-32-10,19,0.051226436044089496,16,0,0,0,1.8260646789567545,0.051226436044089496,455.0,19,0,TEST,0,completed,True,455.0
fixed_update,random-32-32-10__s04__n16,16,bounded_pause,episodes/TEST/random-32-32-10__s04__n16__bounded_pause/fixed_update/episode.json,eb21e899acfd92e993b633d38b2d305eeaea036aaba086d94c9496a6fb7181ea,0.5405757970002014,random-32-32-10__s04,77.0,random-32-32-10,0,0.0,16,0,16,5971,1.8260646789567545,0.051226436044089496,455.0,19,0,TEST,0,completed,True,455.0
history_rule,random-32-32-10__s04__n16,16,bounded_pause,episodes/TEST/random-32-32-10__s04__n16__bounded_pause/history_rule/episode.json,566263fdb4260cbc6253af84edc7a16eaf8511fbc7cce2238647e2ad92704c6c,0.9564350479922723,random-32-32-10__s04,77.0,random-32-32-10,3,0.012189139990368858,16,0,12,4533,1.818190200952813,0.050644236034713686,455.0,19,0,TEST,0,completed,True,455.0
learned_query,random-32-32-10__s04__n16,16,bounded_pause,episodes/TEST/random-32-32-10__s04__n16__bounded_pause/learned_query/episode.json,7f2c9b80bf5184a29747bcfd8e4cd9be64e812a99a1045d72383ddccebec04f9,0.8270333489926998,random-32-32-10__s04,77.0,random-32-32-10,2,0.004419395001605153,16,0,16,6025,1.8115660169278271,0.051501435053069144,455.0,19,0,TEST,0,completed,True,455.0
dense_position,random-32-32-10__s04__n16,16,bounded_pause,episodes/TEST/random-32-32-10__s04__n16__bounded_pause/dense_position/episode.json,761227b5c76ffd3a62b5a2c19bac32b951a609b9b9b06c490441016c7795ec9a,2.602520446991548,random-32-32-10__s04,77.0,random-32-32-10,15,0.031395548954606056,16,0,102,38472,1.813648076960817,0.0511645219521597,455.0,19,0,TEST,0,completed,True,455.0
history_only,random-32-32-10__s04__n16,16,speed_shift,episodes/TEST/random-32-32-10__s04__n16__speed_shift/history_only/episode.json,5109be4d7cfa4b05acdde3f1323754a81f935eb008631820351e101f83a2668a,3.0232202080078423,random-32-32-10__s04,73.0,random-32-32-10,18,0.05580035099410452,16,0,0,0,1.7229503219714388,0.05580035099410452,428.0,18,0,TEST,0,completed,True,428.0
fixed_update,random-32-32-10__s04__n16,16,speed_shift,episodes/TEST/random-32-32-10__s04__n16__speed_shift/fixed_update/episode.json,080cbd6ddc8f9631129c55764f13342fe6ea19f9d9553fc4df5b2464d287fa12,1.0625596779864281,random-32-32-10__s04,73.0,random-32-32-10,4,0.02315446501597762,16,0,16,5972,1.721742931054905,0.05690051303827204,428.0,18,0,TEST,0,completed,True,428.0
history_rule,random-32-32-10__s04__n16,16,speed_shift,episodes/TEST/random-32-32-10__s04__n16__speed_shift/history_rule/episode.json,6958c1a9453b63f6e7e4fc459558f45a449691842b96bc3885587211120adbc2,0.5195564249879681,random-32-32-10__s04,73.0,random-32-32-10,0,0.0,16,0,9,3353,1.7229503219714388,0.05580035099410452,428.0,18,0,TEST,0,completed,True,428.0
learned_query,random-32-32-10__s04__n16,16,speed_shift,episodes/TEST/random-32-32-10__s04__n16__speed_shift/learned_query/episode.json,7090f9b69114e6650afa3697d9f186b7179999b1651238292f4932bf41ee69c9,0.5081968170125037,random-32-32-10__s04,73.0,random-32-32-10,0,0.0,16,0,16,5974,1.7229503219714388,0.05580035099410452,428.0,18,0,TEST,0,completed,True,428.0
dense_position,random-32-32-10__s04__n16,16,speed_shift,episodes/TEST/random-32-32-10__s04__n16__speed_shift/dense_position/episode.json,10a87027a991b20440af093317cd6cf9a52338f36e7d2f5b993ecd3f1e9245c3,2.859181489009643,random-32-32-10__s04,73.0,random-32-32-10,17,0.05467757899896242,16,0,98,36609,1.7301379919226747,0.05689250901923515,428.0,18,0,TEST,0,completed,True,428.0
history_only,random-32-32-10__s04__n32,32,stable,episodes/TEST/random-32-32-10__s04__n32__stable/history_only/episode.json,fa78fa66862f53bd904cdd915b9010b385ce656581450f54bea4112d04fb120a,3.4042237990070134,random-32-32-10__s04,44.0,random-32-32-10,10,0.10323824395891279,32,0,0,0,1.9472485869773664,0.10323824395891279,672.0,10,0,TEST,0,completed,True,672.0
fixed_update,random-32-32-10__s04__n32,32,stable,episodes/TEST/random-32-32-10__s04__n32__stable/fixed_update/episode.json,12a1a48acf23961465d0f6df0181c589760d0af2911283c224b2de99ce00f72c,0.638929212000221,random-32-32-10__s04,44.0,random-32-32-10,0,0.0,32,0,32,11966,1.9472485869773664,0.10323824395891279,672.0,10,0,TEST,0,completed,True,672.0
history_rule,random-32-32-10__s04__n32,32,stable,episodes/TEST/random-32-32-10__s04__n32__stable/history_rule/episode.json,09ce23ddf8162d1896251fa6d5f4bdd69a3bce1d005fb4cf57416a60e490454f,0.6588751259841956,random-32-32-10__s04,44.0,random-32-32-10,0,0.0,32,0,21,7844,1.9472485869773664,0.10323824395891279,672.0,10,0,TEST,0,completed,True,672.0
learned_query,random-32-32-10__s04__n32,32,stable,episodes/TEST/random-32-32-10__s04__n32__stable/learned_query/episode.json,d68ec8c238d151f4c0a86f07ed024c171ba7ae86704806168bf8a27441f6e523,0.6624203389801551,random-32-32-10__s04,44.0,random-32-32-10,0,0.0,32,0,32,11976,1.9472485869773664,0.10323824395891279,672.0,10,0,TEST,0,completed,True,672.0
dense_position,random-32-32-10__s04__n32,32,stable,episodes/TEST/random-32-32-10__s04__n32__stable/dense_position/episode.json,2974109c6179a7eeb1bc2cdde400d8372b86f6599471a473c442d4464bac5efe,0.6360804399882909,random-32-32-10__s04,44.0,random-32-32-10,0,0.0,32,0,142,53147,1.9472485869773664,0.10323824395891279,672.0,10,0,TEST,0,completed,True,672.0
history_only,random-32-32-10__s04__n32,32,bounded_pause,episodes/TEST/random-32-32-10__s04__n32__bounded_pause/history_only/episode.json,bdada1481f3a054ba7bf4fa388ebcb1cacc787e3b01263bfe6940dd4583c3ba1,7.174150134989759,random-32-32-10__s04,86.25,random-32-32-10,21,0.21543210404342972,32,0,0,0,4.107308028033003,0.21543210404342972,915.75,21,0,TEST,0,completed,True,915.75
fixed_update,random-32-32-10__s04__n32,32,bounded_pause,episodes/TEST/random-32-32-10__s04__n32__bounded_pause/fixed_update/episode.json,79ab2fa60ec30f7440b3c9b642a4227e5cbf5a20b76ed1b13ca0c087244732fb,2.4268857600109186,random-32-32-10__s04,86.25,random-32-32-10,4,0.05697798196342774,32,0,32,12057,4.097049450036138,0.21550267399288714,915.75,21,0,TEST,0,completed,True,915.75
history_rule,random-32-32-10__s04__n32,32,bounded_pause,episodes/TEST/random-32-32-10__s04__n32__bounded_pause/history_rule/episode.json,9b24fa9102853cf5678b10210ef71f1a061b50e6e55928f8b91741b4024d0b6b,1.88380336901173,random-32-32-10__s04,86.25,random-32-32-10,2,0.03681648298515938,32,0,30,11331,4.115897638053866,0.21666041103890166,915.75,21,0,TEST,3,completed,True,915.75
learned_query,random-32-32-10__s04__n32,32,bounded_pause,episodes/TEST/random-32-32-10__s04__n32__bounded_pause/learned_query/episode.json,859c64895bb77c8b464e6fa6e5d900581576aa4adc93bdc39b706b187a602a48,2.173918546002824,random-32-32-10__s04,86.25,random-32-32-10,3,0.050727259047562256,32,0,32,12042,4.108939068042673,0.21624306606827304,915.75,21,0,TEST,0,completed,True,915.75
dense_position,random-32-32-10__s04__n32,32,bounded_pause,episodes/TEST/random-32-32-10__s04__n32__bounded_pause/dense_position/episode.json,83cccb37069b69252d2005c0d9922866c1674e3454fa2a0fd2774867d401c352,4.9975189870165195,random-32-32-10__s04,86.25,random-32-32-10,13,0.15077958194888197,32,0,181,68368,4.158604861062486,0.22197319395490922,915.75,21,0,TEST,14,completed,True,915.75
history_only,random-32-32-10__s04__n32,32,speed_shift,episodes/TEST/random-32-32-10__s04__n32__speed_shift/history_only/episode.json,f675984f63f4ebb0d559ca96660f2ad201c1133e137549ad54f680de01198bed,6.449048079986824,random-32-32-10__s04,78.0,random-32-32-10,19,0.166290257970104,32,0,0,0,3.7150610830285586,0.166290257970104,855.0,19,0,TEST,0,completed,True,855.0
fixed_update,random-32-32-10__s04__n32,32,speed_shift,episodes/TEST/random-32-32-10__s04__n32__speed_shift/fixed_update/episode.json,6fd33a114cd43a104c44deff1899a54bfb1f2b476e055ea9892c44318165824c,2.6341604060144164,random-32-32-10__s04,78.0,random-32-32-10,5,0.050891605962533504,32,0,32,11970,3.7122932439961005,0.16840000593219884,855.0,19,0,TEST,0,completed,True,855.0
history_rule,random-32-32-10__s04__n32,32,speed_shift,episodes/TEST/random-32-32-10__s04__n32__speed_shift/history_rule/episode.json,854a5d7aea111ad34e557a63ffb214b4dd340b7b75ecf08593150d2077601a3a,1.7291381359973457,random-32-32-10__s04,78.0,random-32-32-10,2,0.029249225975945592,32,0,30,11222,3.7136806150665507,0.16394289591698907,855.0,19,0,TEST,0,completed,True,855.0
learned_query,random-32-32-10__s04__n32,32,speed_shift,episodes/TEST/random-32-32-10__s04__n32__speed_shift/learned_query/episode.json,a1abdfb222c059b02b40dbb131f4bae4841f809cdc660c5d12734f9046d95ed6,1.1445293629949447,random-32-32-10__s04,78.0,random-32-32-10,0,0.0,32,0,32,11985,3.7150610830285586,0.166290257970104,855.0,19,0,TEST,0,completed,True,855.0
dense_position,random-32-32-10__s04__n32,32,speed_shift,episodes/TEST/random-32-32-10__s04__n32__speed_shift/dense_position/episode.json,0596083722886fc4a792701016f24045f7ea190e242ddaa7addbac68a2fc02e8,4.267633628012845,random-32-32-10__s04,78.0,random-32-32-10,11,0.11452585703227669,32,0,178,66693,3.7410491500922944,0.16751621500588953,855.0,19,0,TEST,0,completed,True,855.0
history_only,random-32-32-10__s05__n08,8,stable,episodes/TEST/random-32-32-10__s05__n08__stable/history_only/episode.json,b40ee63e05791b1c790c8b02fc5a16c940c69f61f479948d02287bed6a045ca8,0.7284410209977068,random-32-32-10__s05,41.0,random-32-32-10,10,0.02038731999346055,8,0,0,0,0.4271104309882503,0.02038731999346055,170.0,10,0,TEST,0,completed,True,170.0
fixed_update,random-32-32-10__s05__n08,8,stable,episodes/TEST/random-32-32-10__s05__n08__stable/fixed_update/episode.json,0847d896b02ab7a4a830fcc41aada0d6edace46a3208e102b8e93fb0baabbee9,0.12071575000300072,random-32-32-10__s05,41.0,random-32-32-10,0,0.0,8,0,8,2978,0.4271104309882503,0.02038731999346055,170.0,10,0,TEST,0,completed,True,170.0
history_rule,random-32-32-10__s05__n08,8,stable,episodes/TEST/random-32-32-10__s05__n08__stable/history_rule/episode.json,dfe8a84a6fe38a0c1dad9ebe05c16e4085df6ad547772ce153fb837c4f5768a5,0.12170845500077121,random-32-32-10__s05,41.0,random-32-32-10,0,0.0,8,0,3,1113,0.4271104309882503,0.02038731999346055,170.0,10,0,TEST,0,completed,True,170.0
learned_query,random-32-32-10__s05__n08,8,stable,episodes/TEST/random-32-32-10__s05__n08__stable/learned_query/episode.json,c7909ebb0bba0bdc172877cbeedc9a3fc52732121979e01b5c22891a8fb460f6,0.12321746197994798,random-32-32-10__s05,41.0,random-32-32-10,0,0.0,8,0,8,2978,0.4271104309882503,0.02038731999346055,170.0,10,0,TEST,0,completed,True,170.0
dense_position,random-32-32-10__s05__n08,8,stable,episodes/TEST/random-32-32-10__s05__n08__stable/dense_position/episode.json,2874411f901c1633a44ffc2d70d446789f77102bfc1bc13acdc111853ab096a7,0.12110581100569107,random-32-32-10__s05,41.0,random-32-32-10,0,0.0,8,0,37,13783,0.4271104309882503,0.02038731999346055,170.0,10,0,TEST,0,completed,True,170.0
history_only,random-32-32-10__s05__n08,8,bounded_pause,episodes/TEST/random-32-32-10__s05__n08__bounded_pause/history_only/episode.json,b0ada3f936c8d22edd6496866e81ccb0204e444abd4812b7dc47c6ff96fb48be,0.8141766879998613,random-32-32-10__s05,48.0,random-32-32-10,11,0.02225030303816311,8,0,0,0,0.4698172959324438,0.02225030303816311,201.0,11,0,TEST,0,completed,True,201.0
fixed_update,random-32-32-10__s05__n08,8,bounded_pause,episodes/TEST/random-32-32-10__s05__n08__bounded_pause/fixed_update/episode.json,92c1ef106e90030241d78494360cc6075b9a29bdfadcd535e76562384415da65,0.19259622300160117,random-32-32-10__s05,48.0,random-32-32-10,1,0.0014574680244550109,8,0,8,2993,0.4688548559206538,0.02216596607468091,201.0,11,0,TEST,0,completed,True,201.0
history_rule,random-32-32-10__s05__n08,8,bounded_pause,episodes/TEST/random-32-32-10__s05__n08__bounded_pause/history_rule/episode.json,cd3f1995bfd5e472889c2e52150830a23427ee1ad9b3516d89320db67bdcdc95,0.12931084600859322,random-32-32-10__s05,48.0,random-32-32-10,0,0.0,8,0,3,1128,0.4688548559206538,0.02216596607468091,201.0,11,0,TEST,0,completed,True,201.0
learned_query,random-32-32-10__s05__n08,8,bounded_pause,episodes/TEST/random-32-32-10__s05__n08__bounded_pause/learned_query/episode.json,252f7fa4fa7b51b17ef0611ce7953d0e6c003635c3bea08eff236068dcea2f35,0.25676505599403754,random-32-32-10__s05,48.0,random-32-32-10,2,0.0028604160179384053,8,0,8,3008,0.4694504669168964,0.022034968074876815,201.0,11,0,TEST,0,completed,True,201.0
dense_position,random-32-32-10__s05__n08,8,bounded_pause,episodes/TEST/random-32-32-10__s05__n08__bounded_pause/dense_position/episode.json,80e62cc46c8d890722ed789cfe4ade2569e0ac63d188a1547af621dd5d35a71f,0.3752627720241435,random-32-32-10__s05,48.0,random-32-32-10,4,0.01090262402431108,8,0,42,15743,0.4672935619018972,0.021460969088366255,201.0,11,0,TEST,0,completed,True,201.0
history_only,random-32-32-10__s05__n08,8,speed_shift,episodes/TEST/random-32-32-10__s05__n08__speed_shift/history_only/episode.json,b8b20836c25af0bd8a106d69bd709e87098cf0a2f75b7ccc8d00d7007358ed14,0.8172078960051294,random-32-32-10__s05,49.0,random-32-32-10,11,0.016493971983436495,8,0,0,0,0.5110044979664963,0.024021737975999713,210.0,12,0,TEST,0,completed,True,210.0
fixed_update,random-32-32-10__s05__n08,8,speed_shift,episodes/TEST/random-32-32-10__s05__n08__speed_shift/fixed_update/episode.json,7391a145b520401c7906a62d3aebccf24b3e8d1279f11c7e9b4cb4ea706d46df,0.20257630001287907,random-32-32-10__s05,49.0,random-32-32-10,1,0.0014537480019498616,8,0,8,2978,0.5111006049555726,0.024011149973375723,210.0,12,0,TEST,0,completed,True,210.0
history_rule,random-32-32-10__s05__n08,8,speed_shift,episodes/TEST/random-32-32-10__s05__n08__speed_shift/history_rule/episode.json,8d0a176d6b38917e1b366d0cdf59d18d7d199131ae54d04bcd5cf6a556031b7f,0.1416554410243407,random-32-32-10__s05,49.0,random-32-32-10,0,0.0,8,0,3,1113,0.5110044979664963,0.024021737975999713,210.0,12,0,TEST,0,completed,True,210.0
learned_query,random-32-32-10__s05__n08,8,speed_shift,episodes/TEST/random-32-32-10__s05__n08__speed_shift/learned_query/episode.json,ac6d0cb537f961366681d2ccb08cb1f1d0f6686dc72e079aed43bdaaf6c7ea10,0.32545871299225837,random-32-32-10__s05,49.0,random-32-32-10,3,0.0041771499963942915,8,0,8,2978,0.5099606809963007,0.02376464899862185,210.0,12,0,TEST,0,completed,True,210.0
dense_position,random-32-32-10__s05__n08,8,speed_shift,episodes/TEST/random-32-32-10__s05__n08__speed_shift/dense_position/episode.json,dafe09314d4a28882acdab8f6a655655450512003a24aa1bc0ee1550d295fd5d,0.37886246101697907,random-32-32-10__s05,49.0,random-32-32-10,4,0.00568370200926438,8,0,45,16776,0.5040871650271583,0.023425841005519032,210.0,12,0,TEST,0,completed,True,210.0
history_only,random-32-32-10__s05__n16,16,stable,episodes/TEST/random-32-32-10__s05__n16__stable/history_only/episode.json,5b9ddd8156515b24f0117ca5b4c38f2b9acb6c23403b2156c3af109e45a9a9f9,1.924449275014922,random-32-32-10__s05,46.0,random-32-32-10,11,0.055463223048718646,16,0,0,0,1.122552767948946,0.055463223048718646,391.0,11,0,TEST,0,completed,True,391.0
fixed_update,random-32-32-10__s05__n16,16,stable,episodes/TEST/random-32-32-10__s05__n16__stable/fixed_update/episode.json,608ba3e25f365fd765197dd0ed04da9b8f4c3fa7836e822044928e8445397dee,0.3301884499960579,random-32-32-10__s05,46.0,random-32-32-10,0,0.0,16,0,16,5976,1.122552767948946,0.055463223048718646,391.0,11,0,TEST,0,completed,True,391.0
history_rule,random-32-32-10__s05__n16,16,stable,episodes/TEST/random-32-32-10__s05__n16__stable/history_rule/episode.json,0a92cc61b430010097992265cf3158768f3ccef4c0be99cd991e3348b4319adb,0.33213899299153127,random-32-32-10__s05,46.0,random-32-32-10,0,0.0,16,0,8,2980,1.122552767948946,0.055463223048718646,391.0,11,0,TEST,0,completed,True,391.0
learned_query,random-32-32-10__s05__n16,16,stable,episodes/TEST/random-32-32-10__s05__n16__stable/learned_query/episode.json,a25becb053fe5da9ea92a0fd343899bac702b893a0e1100299954d8ae5cb669b,0.3273898449842818,random-32-32-10__s05,46.0,random-32-32-10,0,0.0,16,0,16,5968,1.122552767948946,0.055463223048718646,391.0,11,0,TEST,0,completed,True,391.0
dense_position,random-32-32-10__s05__n16,16,stable,episodes/TEST/random-32-32-10__s05__n16__stable/dense_position/episode.json,f44048142e243b08f4a6a9174751f399cf22e6a8384be987d388719b08c283f6,0.32544790898100473,random-32-32-10__s05,46.0,random-32-32-10,0,0.0,16,0,89,33274,1.122552767948946,0.055463223048718646,391.0,11,0,TEST,0,completed,True,391.0
history_only,random-32-32-10__s05__n16,16,bounded_pause,episodes/TEST/random-32-32-10__s05__n16__bounded_pause/history_only/episode.json,67da5920ff655aeb988c466d913cc040cb77a121e361ce260991ab376eb5b659,2.308088318008231,random-32-32-10__s05,53.0,random-32-32-10,13,0.0634545870416332,16,0,0,0,1.3386347560153808,0.0634545870416332,493.0,13,0,TEST,0,completed,True,493.0
fixed_update,random-32-32-10__s05__n16,16,bounded_pause,episodes/TEST/random-32-32-10__s05__n16__bounded_pause/fixed_update/episode.json,ca8abe0045f6dc92e42c8cbcb167cf019b62b6385cb735ee362cfe720b42b602,0.7041580270160921,random-32-32-10__s05,53.0,random-32-32-10,2,0.010586669988697395,16,0,16,6020,1.3280055500217713,0.06283005003933795,493.0,13,0,TEST,0,completed,True,493.0
history_rule,random-32-32-10__s05__n16,16,bounded_pause,episodes/TEST/random-32-32-10__s05__n16__bounded_pause/history_rule/episode.json,53a92b42fed88dfb9c0f7494d85aedd26bdb2b5295f35f554d6218ce8bd8489e,0.8572492729872465,random-32-32-10__s05,53.0,random-32-32-10,3,0.03547667100792751,16,0,12,4528,1.3225807729759254,0.06345342003623955,493.0,13,0,TEST,0,completed,True,493.0
learned_query,random-32-32-10__s05__n16,16,bounded_pause,episodes/TEST/random-32-32-10__s05__n16__bounded_pause/learned_query/episode.json,53f206fb9adf6d02abab896e4e8034a0f6f16eea154b08f65af34aff7871c664,0.7141989929950796,random-32-32-10__s05,53.0,random-32-32-10,2,0.01450726599432528,16,0,16,5998,1.3401754989754409,0.06350126102915965,493.0,13,0,TEST,0,completed,True,493.0
dense_position,random-32-32-10__s05__n16,16,bounded_pause,episodes/TEST/random-32-32-10__s05__n16__bounded_pause/dense_position/episode.json,0c44a670f46c3d0bf266e3fec291429cdcccfe6f9c972f6b1528bc6ed53a9ec0,1.7195863860251848,random-32-32-10__s05,53.0,random-32-32-10,9,0.04875441800686531,16,0,114,42996,1.326140352000948,0.06398113604518585,493.0,13,0,TEST,0,completed,True,493.0
history_only,random-32-32-10__s05__n16,16,speed_shift,episodes/TEST/random-32-32-10__s05__n16__speed_shift/history_only/episode.json,469b154f3d1b253dacd9b5feab024ce2a7f4e9f77b0e22b97a55c72fca5ad2d6,2.3071629679761827,random-32-32-10__s05,54.0,random-32-32-10,13,0.06976397102698684,16,0,0,0,1.3493511890119407,0.06976397102698684,502.0,13,0,TEST,0,completed,True,502.0
fixed_update,random-32-32-10__s05__n16,16,speed_shift,episodes/TEST/random-32-32-10__s05__n16__speed_shift/fixed_update/episode.json,ca792a5592857d130659bb0939afe6c3122ba7422b00dc28ed0e4bc51234a249,1.145502347004367,random-32-32-10__s05,54.0,random-32-32-10,5,0.04093706197454594,16,0,16,5974,1.3349995840108022,0.06844003300648183,502.0,13,0,TEST,0,completed,True,502.0
history_rule,random-32-32-10__s05__n16,16,speed_shift,episodes/TEST/random-32-32-10__s05__n16__speed_shift/history_rule/episode.json,14ec8821956fc2e5d05722e50317d24ab082416426445c70ba470ce055a5d4a1,0.8348636869923212,random-32-32-10__s05,54.0,random-32-32-10,3,0.015803642047103494,16,0,12,4478,1.3382307020074222,0.06895407006959431,502.0,13,0,TEST,0,completed,True,502.0
learned_query,random-32-32-10__s05__n16,16,speed_shift,episodes/TEST/random-32-32-10__s05__n16__speed_shift/learned_query/episode.json,fe10ff4a721d09266469a787ac60acc0e916bb365446d3defd55318a5a99a03e,0.39696729101706296,random-32-32-10__s05,54.0,random-32-32-10,0,0.0,16,0,16,5974,1.3493511890119407,0.06976397102698684,502.0,13,0,TEST,0,completed,True,502.0
dense_position,random-32-32-10__s05__n16,16,speed_shift,episodes/TEST/random-32-32-10__s05__n16__speed_shift/dense_position/episode.json,4e218dcc4886c58127bb1629e9186631cf49b3a7501cc52fa0cb78e2e0945b51,1.748724391014548,random-32-32-10__s05,54.0,random-32-32-10,9,0.050805323058739305,16,0,112,41906,1.3492351960449014,0.0699095590680372,502.0,13,0,TEST,0,completed,True,502.0
history_only,random-32-32-10__s05__n32,32,stable,episodes/TEST/random-32-32-10__s05__n32__stable/history_only/episode.json,c57547623b969a4b20c50437dc0f76a005abf2526e95a2628e1df617925bb0c1,4.259908058011206,random-32-32-10__s05,48.0,random-32-32-10,11,0.11591937902267091,32,0,0,0,2.44591381502687,0.11591937902267091,773.0,11,0,TEST,0,completed,True,773.0
fixed_update,random-32-32-10__s05__n32,32,stable,episodes/TEST/random-32-32-10__s05__n32__stable/fixed_update/episode.json,73a77530da0f0219a8add1905763258c920b507ac7ddddb9df4d542d293a37e3,0.8085064459883142,random-32-32-10__s05,48.0,random-32-32-10,0,0.0,32,0,32,11982,2.44591381502687,0.11591937902267091,773.0,11,0,TEST,0,completed,True,773.0
history_rule,random-32-32-10__s05__n32,32,stable,episodes/TEST/random-32-32-10__s05__n32__stable/history_rule/episode.json,36abd2684196be122d7df09f99adbb23729ecf77f83ef9d4c89cbbd3d368c931,0.8136224930058233,random-32-32-10__s05,48.0,random-32-32-10,0,0.0,32,0,21,7852,2.44591381502687,0.11591937902267091,773.0,11,0,TEST,0,completed,True,773.0
learned_query,random-32-32-10__s05__n32,32,stable,episodes/TEST/random-32-32-10__s05__n32__stable/learned_query/episode.json,896af17e46fed0e17eb7b3753d22e0c9aa5f0aae087274baa4324f5899540b79,0.822696185001405,random-32-32-10__s05,48.0,random-32-32-10,0,0.0,32,0,32,11986,2.44591381502687,0.11591937902267091,773.0,11,0,TEST,0,completed,True,773.0
dense_position,random-32-32-10__s05__n32,32,stable,episodes/TEST/random-32-32-10__s05__n32__stable/dense_position/episode.json,10e4d638a4223cf8725c14cf65bae194e830079d1e9c53c6914e470741394819,0.8035146030015312,random-32-32-10__s05,48.0,random-32-32-10,0,0.0,32,0,171,64096,2.44591381502687,0.11591937902267091,773.0,11,0,TEST,0,completed,True,773.0
history_only,random-32-32-10__s05__n32,32,bounded_pause,episodes/TEST/random-32-32-10__s05__n32__bounded_pause/history_only/episode.json,afbecff015da30b7dd8bd6bfbb8cc3f80075a85ef3721b4fd8270e44b8c0fac0,6.359639440022875,random-32-32-10__s05,68.0,random-32-32-10,16,0.21170296604395844,32,0,0,0,3.646549463068368,0.21170296604395844,1121.5,16,0,TEST,0,completed,True,1121.5
fixed_update,random-32-32-10__s05__n32,32,bounded_pause,episodes/TEST/random-32-32-10__s05__n32__bounded_pause/fixed_update/episode.json,a8b673c414a7536100449de9500823ce19aff0d181567689b8ffd6be79e87ff1,2.869904563005548,random-32-32-10__s05,68.0,random-32-32-10,5,0.11345188799896277,32,0,32,12048,3.6378771181043703,0.20661882203421555,1121.5,16,0,TEST,0,completed,True,1121.5
history_rule,random-32-32-10__s05__n32,32,bounded_pause,episodes/TEST/random-32-32-10__s05__n32__bounded_pause/history_rule/episode.json,0b1f1c1f7771ab19ce6a809922bc641e9502b0338d4c55b5d56c3b4e1b7c4cd7,6.349456854979508,random-32-32-10__s05,68.0,random-32-32-10,16,0.17908466103835963,32,0,32,12125,3.6183074610016774,0.17908466103835963,1112.5,16,0,TEST,0,completed,True,1112.5
learned_query,random-32-32-10__s05__n32,32,bounded_pause,episodes/TEST/random-32-32-10__s05__n32__bounded_pause/learned_query/episode.json,424f7a09fd58004ac9ba21a4f5b6a86c8191e48c74518f5eb59bc2e2d10d80e7,3.2063244960154407,random-32-32-10__s05,68.0,random-32-32-10,6,0.12665896996622905,32,0,32,12124,3.621301814011531,0.17888295702869073,1112.5,16,0,TEST,0,completed,True,1112.5
dense_position,random-32-32-10__s05__n32,32,bounded_pause,episodes/TEST/random-32-32-10__s05__n32__bounded_pause/dense_position/episode.json,d4e7397dfd3abc10502923dcc730d66379d735c9e20fa6973ca5d15a4ad36aae,5.742511790012941,random-32-32-10__s05,68.0,random-32-32-10,14,0.1737264969269745,32,0,227,86144,3.6615945950325113,0.18084479693789035,1112.5,16,0,TEST,3,completed,True,1112.5
history_only,random-32-32-10__s05__n32,32,speed_shift,episodes/TEST/random-32-32-10__s05__n32__speed_shift/history_only/episode.json,d486962cd25f0daa55b60837575c3becf7513d20c4da2e66f058d28982313f17,5.866666980000446,random-32-32-10__s05,62.25,random-32-32-10,15,0.16257762390887365,32,0,0,0,3.3731428849569056,0.16257762390887365,1067.5,15,0,TEST,0,completed,True,1067.5
fixed_update,random-32-32-10__s05__n32,32,speed_shift,episodes/TEST/random-32-32-10__s05__n32__speed_shift/fixed_update/episode.json,89b87fe064cd08ae514af4dac460756c5a4e9e5fcceecc99ab8ecd7e4b272e2e,2.7041800009901635,random-32-32-10__s05,62.25,random-32-32-10,5,0.06785792903974652,32,0,32,11978,3.364989508932922,0.16153579798992723,1067.5,15,0,TEST,0,completed,True,1067.5
history_rule,random-32-32-10__s05__n32,32,speed_shift,episodes/TEST/random-32-32-10__s05__n32__speed_shift/history_rule/episode.json,e1deeae00a4ab859a0ddc4dccf549e4d845b0b5f1c0109c81c3a21304c81acb0,5.198456593003357,random-32-32-10__s05,61.0,random-32-32-10,13,0.11708182602887973,32,0,32,11982,3.3495497170079034,0.15697999502299353,1064.0,15,0,TEST,0,completed,True,1064.0
learned_query,random-32-32-10__s05__n32,32,speed_shift,episodes/TEST/random-32-32-10__s05__n32__speed_shift/learned_query/episode.json,0017fe43311b775bf3ac4c605fa88bbb4d1f11cc1181aabfb41dd1978f687495,3.333975864981767,random-32-32-10__s05,62.25,random-32-32-10,7,0.11931528500281274,32,0,32,11971,3.3590977429412305,0.16108850794262253,1067.5,15,0,TEST,0,completed,True,1067.5
dense_position,random-32-32-10__s05__n32,32,speed_shift,episodes/TEST/random-32-32-10__s05__n32__speed_shift/dense_position/episode.json,1436bdbb12ffc34412505efed587b7ccad405140e4ab46cd387ff3e64db410e3,5.815073817007942,random-32-32-10__s05,61.0,random-32-32-10,15,0.14524099495611154,32,0,224,84057,3.33337665599538,0.14524099495611154,1058.0,15,0,TEST,0,completed,True,1058.0
history_only,maze-32-32-2__s03__n08,8,stable,episodes/CAL/maze-32-32-2__s03__n08__stable/history_only/episode.json,6d06f106034dab7aecf4867d7bd0b3beb185b61f3ce5233526d05eb1bfe3f4ee,3.0661225540097803,maze-32-32-2__s03,123.99999999999999,maze-32-32-2,11,0.03313075000187382,8,0,0,0,1.7663796059787273,0.03313075000187382,519.0,11,0,CAL,0,completed,True,519.0
fixed_update,maze-32-32-2__s03__n08,8,stable,episodes/CAL/maze-32-32-2__s03__n08__stable/fixed_update/episode.json,6734421dce2d7b0e17ef15f261ec5ba0f75983d916bbca754f452f9285f52769,0.54178976098774,maze-32-32-2__s03,123.99999999999999,maze-32-32-2,0,0.0,8,0,8,3230,1.7663796059787273,0.03313075000187382,519.0,11,0,CAL,0,completed,True,519.0
history_rule,maze-32-32-2__s03__n08,8,stable,episodes/CAL/maze-32-32-2__s03__n08__stable/history_rule/episode.json,264069519c6e566b0575af26675d18555c70dbffea0de82e20f88dda5a1b0a2a,0.5403301519982051,maze-32-32-2__s03,123.99999999999999,maze-32-32-2,0,0.0,8,0,5,2031,1.7663796059787273,0.03313075000187382,519.0,11,0,CAL,0,completed,True,519.0
learned_query,maze-32-32-2__s03__n08,8,stable,episodes/CAL/maze-32-32-2__s03__n08__stable/learned_query/episode.json,52fc8f30e837cd91fe1e95e15aa607a047b6d2df29e6ea9654bc3d9d49340270,0.5336852929904126,maze-32-32-2__s03,123.99999999999999,maze-32-32-2,0,0.0,8,0,8,3230,1.7663796059787273,0.03313075000187382,519.0,11,0,CAL,0,completed,True,519.0
dense_position,maze-32-32-2__s03__n08,8,stable,episodes/CAL/maze-32-32-2__s03__n08__stable/dense_position/episode.json,a382b0e0ed10425a4e3ba1aa66e04d069867a65a07692bbec750b8a06aa64e15,0.5230563569930382,maze-32-32-2__s03,123.99999999999999,maze-32-32-2,0,0.0,8,0,45,18193,1.7663796059787273,0.03313075000187382,519.0,11,0,CAL,0,completed,True,519.0
history_only,maze-32-32-2__s03__n08,8,bounded_pause,episodes/CAL/maze-32-32-2__s03__n08__bounded_pause/history_only/episode.json,e2b0a6f1bf1af1eebbb57a5a337a19901924ac09805c9897b9b11951b1db62d1,3.587219743989408,maze-32-32-2__s03,139.0,maze-32-32-2,13,0.06827987200813368,8,0,0,0,2.0730135569465347,0.06827987200813368,662.0,13,0,CAL,0,completed,True,662.0
fixed_update,maze-32-32-2__s03__n08,8,bounded_pause,episodes/CAL/maze-32-32-2__s03__n08__bounded_pause/fixed_update/episode.json,8b159d2c2896dc9c88e1965a93598f3a33f0aa4b2545165555264f54d34aa637,1.0858209779835306,maze-32-32-2__s03,139.0,maze-32-32-2,2,0.005946502031292766,8,0,8,3245,2.073109622928314,0.06818947606370784,662.0,13,0,CAL,0,completed,True,662.0
history_rule,maze-32-32-2__s03__n08,8,bounded_pause,episodes/CAL/maze-32-32-2__s03__n08__bounded_pause/history_rule/episode.json,c7576d6c2fe33cc5f5e946d2b3953b07e0bd94103fe35135049842065a87e565,1.5661433750065044,maze-32-32-2__s03,139.0,maze-32-32-2,4,0.04166055505629629,8,0,7,2831,2.0750405639701057,0.06820945008075796,662.0,13,0,CAL,0,completed,True,662.0
learned_query,maze-32-32-2__s03__n08,8,bounded_pause,episodes/CAL/maze-32-32-2__s03__n08__bounded_pause/learned_query/episode.json,fc96eed88123690c060c213716ba4f879ed63d46d608cb6d81e35bd131b6e203,0.6331619200063869,maze-32-32-2__s03,139.0,maze-32-32-2,0,0.0,8,0,8,3188,2.0730135569465347,0.06827987200813368,662.0,13,0,CAL,0,completed,True,662.0
dense_position,maze-32-32-2__s03__n08,8,bounded_pause,episodes/CAL/maze-32-32-2__s03__n08__bounded_pause/dense_position/episode.json,c09bee1cf50c1e184cf5a9ddafea57c976277f3b57595d2a6dbc8390aa130498,1.8006612999888603,maze-32-32-2__s03,139.0,maze-32-32-2,5,0.04491302397218533,8,0,52,20969,2.0798454609757755,0.06858744399505667,662.0,13,0,CAL,0,completed,True,662.0
history_only,maze-32-32-2__s03__n08,8,speed_shift,episodes/CAL/maze-32-32-2__s03__n08__speed_shift/history_only/episode.json,0c143d50c9de3602d9b53d56014b9898ed375e857f7ca9f5dffac018d6e66f2d,3.097772298991913,maze-32-32-2__s03,126.99999999999999,maze-32-32-2,11,0.03258594201179221,8,0,0,0,1.9293778900173493,0.03562723399954848,586.0,12,0,CAL,0,completed,True,586.0
fixed_update,maze-32-32-2__s03__n08,8,speed_shift,episodes/CAL/maze-32-32-2__s03__n08__speed_shift/fixed_update/episode.json,9a70aa66f05e02ef534956f4a6dd2d55a4937b9df06246bf244d023fdb758890,0.8056136340019293,maze-32-32-2__s03,126.99999999999999,maze-32-32-2,1,0.0030563879990950227,8,0,8,3230,1.9170868220098782,0.03565796898328699,586.0,12,0,CAL,0,completed,True,586.0
history_rule,maze-32-32-2__s03__n08,8,speed_shift,episodes/CAL/maze-32-32-2__s03__n08__speed_shift/history_rule/episode.json,46499c1e74a0018021ece4dae5904c05343c8f14ad36402f6297ef129c96a813,0.5821704130212311,maze-32-32-2__s03,126.99999999999999,maze-32-32-2,0,0.0,8,0,5,1991,1.9293778900173493,0.03562723399954848,586.0,12,0,CAL,0,completed,True,586.0
learned_query,maze-32-32-2__s03__n08,8,speed_shift,episodes/CAL/maze-32-32-2__s03__n08__speed_shift/learned_query/episode.json,ad97eb02a677a33c6f0b3f26c7b34829e6e709ae23ae6e5ac1cf3575a811b535,1.4981243570218794,maze-32-32-2__s03,126.99999999999999,maze-32-32-2,4,0.012118737038690597,8,0,8,3230,1.9212705200188793,0.0356654750648886,586.0,12,0,CAL,0,completed,True,586.0
dense_position,maze-32-32-2__s03__n08,8,speed_shift,episodes/CAL/maze-32-32-2__s03__n08__speed_shift/dense_position/episode.json,c9e99f4e02e2ef3baff2b152b9d09e6567af55b81a7e79d83305edf97bb63be8,1.3162698069936596,maze-32-32-2__s03,126.99999999999999,maze-32-32-2,3,0.009149597986834124,8,0,52,20961,1.9190508969768416,0.035694014019099995,586.0,12,0,CAL,0,completed,True,586.0
history_only,maze-32-32-2__s03__n16,16,stable,episodes/CAL/maze-32-32-2__s03__n16__stable/history_only/episode.json,74efb641bdd0b22a7e8547843716f59b73877128a4dcfadd5f57c53c9354edff,8.904392568016192,maze-32-32-2__s03,130.0,maze-32-32-2,12,0.15321029198821634,16,0,0,0,5.128119302971754,0.15321029198821634,1068.0,12,0,CAL,0,completed,True,1068.0
fixed_update,maze-32-32-2__s03__n16,16,stable,episodes/CAL/maze-32-32-2__s03__n16__stable/fixed_update/episode.json,3f42825f688bd6cd06496fe7bf0f80965c25bc483f6b3148b7e9e38e4b0dde16,1.6697175040026195,maze-32-32-2__s03,130.0,maze-32-32-2,0,0.0,16,0,16,6508,5.128119302971754,0.15321029198821634,1068.0,12,0,CAL,0,completed,True,1068.0
history_rule,maze-32-32-2__s03__n16,16,stable,episodes/CAL/maze-32-32-2__s03__n16__stable/history_rule/episode.json,92a46f8299e77d9e900f8f7c51e6491eabb5108cf89b3ca43916b386f3c8378c,1.6883148020133376,maze-32-32-2__s03,130.0,maze-32-32-2,0,0.0,16,0,13,5257,5.128119302971754,0.15321029198821634,1068.0,12,0,CAL,0,completed,True,1068.0
learned_query,maze-32-32-2__s03__n16,16,stable,episodes/CAL/maze-32-32-2__s03__n16__stable/learned_query/episode.json,0c2b366a855808de7a7dcb786fda717455ae4115ccbefcb9c24ab563d8c28718,1.688576346001355,maze-32-32-2__s03,130.0,maze-32-32-2,0,0.0,16,0,16,6504,5.128119302971754,0.15321029198821634,1068.0,12,0,CAL,0,completed,True,1068.0
dense_position,maze-32-32-2__s03__n16,16,stable,episodes/CAL/maze-32-32-2__s03__n16__stable/dense_position/episode.json,d16c6f6cfc39c2eafc4aadced6782c6e8f87f05a2b8ec1185f2e21214e50d55d,1.6961013200052548,maze-32-32-2__s03,130.0,maze-32-32-2,0,0.0,16,0,88,35738,5.128119302971754,0.15321029198821634,1068.0,12,0,CAL,0,completed,True,1068.0
history_only,maze-32-32-2__s03__n16,16,bounded_pause,episodes/CAL/maze-32-32-2__s03__n16__bounded_pause/history_only/episode.json,811eec9e2b9bb88c28db6ecd3f4b2a1d492938983cf15627295add2f18504aed,11.516124950983794,maze-32-32-2__s03,163.99999999999997,maze-32-32-2,15,0.33618540802854113,16,0,0,0,6.648488661943702,0.33618540802854113,1560.0,15,0,CAL,0,completed,True,1560.0
fixed_update,maze-32-32-2__s03__n16,16,bounded_pause,episodes/CAL/maze-32-32-2__s03__n16__bounded_pause/fixed_update/episode.json,35c8308da24b8352a7235d40d5b593364d61469da9e0f3d3767bda0c7a80fb3f,5.237842061993433,maze-32-32-2__s03,163.99999999999997,maze-32-32-2,5,0.12226153898518533,16,0,16,6530,6.631952550960705,0.33504637697478756,1560.0,15,0,CAL,0,completed,True,1560.0
history_rule,maze-32-32-2__s03__n16,16,bounded_pause,episodes/CAL/maze-32-32-2__s03__n16__bounded_pause/history_rule/episode.json,14a5578c33395425bccaed76b72e544b01d88c74fb44e30937a050de22f5d52e,5.290880293003283,maze-32-32-2__s03,163.99999999999997,maze-32-32-2,5,0.15748177000205033,16,0,16,6521,6.648147590924054,0.3309921259933617,1560.0,15,0,CAL,0,completed,True,1560.0
learned_query,maze-32-32-2__s03__n16,16,bounded_pause,episodes/CAL/maze-32-32-2__s03__n16__bounded_pause/learned_query/episode.json,37cd6d7cc94ec9b706970681e0314927b43f84e64ccc257c6114c4f536eb9673,3.4318974770139903,maze-32-32-2__s03,163.99999999999997,maze-32-32-2,2,0.05960317200515419,16,0,16,6416,6.653083340905141,0.33434045102330856,1560.0,15,0,CAL,0,completed,True,1560.0
dense_position,maze-32-32-2__s03__n16,16,bounded_pause,episodes/CAL/maze-32-32-2__s03__n16__bounded_pause/dense_position/episode.json,18c4996569737af97cfa48c4c0fb3c93c1a11934618e3a1373ebab55c1d1582f,7.775319204985863,maze-32-32-2__s03,163.99999999999997,maze-32-32-2,9,0.23755876900395378,16,0,109,44254,6.627168047998566,0.35080379198188893,1560.0,15,0,CAL,0,completed,True,1560.0
history_only,maze-32-32-2__s03__n16,16,speed_shift,episodes/CAL/maze-32-32-2__s03__n16__speed_shift/history_only/episode.json,e696c08b4e8441a24362a597cf5d70b447b32214acefd1535bbb983f6536a815,9.804269372019917,maze-32-32-2__s03,142.0,maze-32-32-2,13,0.19028168794466183,16,0,0,0,5.6094118289183825,0.19028168794466183,1350.0,13,0,CAL,0,completed,True,1350.0
fixed_update,maze-32-32-2__s03__n16,16,speed_shift,episodes/CAL/maze-32-32-2__s03__n16__speed_shift/fixed_update/episode.json,4ed7cda328880e79fb688ddce7a2d541ea4404fc8f0739c4dcdea1e4aef25135,4.296268147008959,maze-32-32-2__s03,142.0,maze-32-32-2,4,0.0438449009670876,16,0,16,6521,5.6057324649591465,0.19038471893873066,1350.0,13,0,CAL,0,completed,True,1350.0
history_rule,maze-32-32-2__s03__n16,16,speed_shift,episodes/CAL/maze-32-32-2__s03__n16__speed_shift/history_rule/episode.json,12b1e7755acd4af5def3e845c3df68e518d1412916b257a9fefd1b8046e08437,4.310313227993902,maze-32-32-2__s03,142.0,maze-32-32-2,4,0.08178179999231361,16,0,16,6520,5.612363565975102,0.19086399395018816,1350.0,13,0,CAL,0,completed,True,1350.0
learned_query,maze-32-32-2__s03__n16,16,speed_shift,episodes/CAL/maze-32-32-2__s03__n16__speed_shift/learned_query/episode.json,dbe494b330a4d88e5b02cff60abd3879e3b67186f25b5e92d697a56190544315,4.270757480990142,maze-32-32-2__s03,142.0,maze-32-32-2,4,0.06745592202059925,16,0,16,6514,5.604347121028695,0.1912968200049363,1350.0,13,0,CAL,0,completed,True,1350.0
dense_position,maze-32-32-2__s03__n16,16,speed_shift,episodes/CAL/maze-32-32-2__s03__n16__speed_shift/dense_position/episode.json,48f58c0f21ff76950b7c673108a0a4b143555a9a2dbf41846e0f5a6725d7f9e4,7.319593400985468,maze-32-32-2__s03,142.0,maze-32-32-2,9,0.1397699499502778,16,0,112,45450,5.640747288940474,0.19083712194697,1350.0,13,0,CAL,0,completed,True,1350.0
history_only,maze-32-32-2__s03__n32,32,stable,episodes/CAL/maze-32-32-2__s03__n32__stable/history_only/episode.json,2e53e3c11c3260baac05b9ed3282a56c2c2c153b66118a67a9f163c6961ca801,26.370671396987746,maze-32-32-2__s03,145.99999999999997,maze-32-32-2,12,1.494407518999651,32,0,0,0,15.374744926026324,1.494407518999651,2339.0,12,0,CAL,0,completed,True,2339.0
fixed_update,maze-32-32-2__s03__n32,32,stable,episodes/CAL/maze-32-32-2__s03__n32__stable/fixed_update/episode.json,44d2d6a79608a6edf3df3748c1b49b056dbcfcf2e8009523fef500a470b8b096,5.298736974014901,maze-32-32-2__s03,145.99999999999997,maze-32-32-2,0,0.0,32,0,32,12996,15.374744926026324,1.494407518999651,2339.0,12,0,CAL,8,completed,True,2339.0
history_rule,maze-32-32-2__s03__n32,32,stable,episodes/CAL/maze-32-32-2__s03__n32__stable/history_rule/episode.json,2967c97568ab9c8b1afbfce5bc5660dbf0b8b8ca0b7f2caa6234e4907a139563,5.373390023014508,maze-32-32-2__s03,145.99999999999997,maze-32-32-2,0,0.0,32,0,32,12996,15.374744926026324,1.494407518999651,2339.0,12,0,CAL,8,completed,True,2339.0
learned_query,maze-32-32-2__s03__n32,32,stable,episodes/CAL/maze-32-32-2__s03__n32__stable/learned_query/episode.json,e8225e5264cc074000f045ac5887c528a1b2f6ba8d3f6c44dd414f5fef1e8577,5.351395829988178,maze-32-32-2__s03,145.99999999999997,maze-32-32-2,0,0.0,32,0,32,12999,15.374744926026324,1.494407518999651,2339.0,12,0,CAL,8,completed,True,2339.0
dense_position,maze-32-32-2__s03__n32,32,stable,episodes/CAL/maze-32-32-2__s03__n32__stable/dense_position/episode.json,8c0e9fdd1d2ef26651ec1ccc4ea13d5b98a0d129b53335ba89580e25108c8318,5.299317400000291,maze-32-32-2__s03,145.99999999999997,maze-32-32-2,0,0.0,32,0,168,68672,15.374744926026324,1.494407518999651,2339.0,12,0,CAL,45,completed,True,2339.0
history_only,maze-32-32-2__s03__n32,32,bounded_pause,episodes/CAL/maze-32-32-2__s03__n32__bounded_pause/history_only/episode.json,15871b6c77537250ef8d41a4f3447a67f4d92085ff3965ef5440675d41224673,38.0459854810033,maze-32-32-2__s03,197.99999999999997,maze-32-32-2,17,2.412591824948322,32,0,0,0,22.119421587878605,2.412591824948322,3655.083333333333,17,0,CAL,0,completed,True,3655.083333333333
fixed_update,maze-32-32-2__s03__n32,32,bounded_pause,episodes/CAL/maze-32-32-2__s03__n32__bounded_pause/fixed_update/episode.json,db90709c64b35d65be991e785241875ec1b83ee0f8dd1cb614c160b8b2caaf7d,34.08955029799836,maze-32-32-2__s03,196.99999999999997,maze-32-32-2,15,2.2764619651134126,32,0,32,13012,21.06719651503954,2.4245193111128174,3671.0,16,1,CAL,6,completed,True,3671.0
history_rule,maze-32-32-2__s03__n32,32,bounded_pause,episodes/CAL/maze-32-32-2__s03__n32__bounded_pause/history_rule/episode.json,fa6fff3d2c24d9d956d794ff6aafe093f4c634801ec76554b7120b9942a36fa4,22.016514187998837,maze-32-32-2__s03,196.99999999999997,maze-32-32-2,8,1.6871421030082274,32,0,32,13016,21.02664832599112,2.4395669740624726,3671.0,16,1,CAL,7,completed,True,3671.0
learned_query,maze-32-32-2__s03__n32,32,bounded_pause,episodes/CAL/maze-32-32-2__s03__n32__bounded_pause/learned_query/episode.json,377f76b01a115cc96603d019354312ffc0f41da04a12f0d7b6eede46508b72e6,20.389761508995434,maze-32-32-2__s03,197.99999999999997,maze-32-32-2,7,1.0656106540118344,32,0,32,13208,22.148820853908546,2.3933566999912728,3655.083333333333,17,0,CAL,8,completed,True,3655.083333333333
dense_position,maze-32-32-2__s03__n32,32,bounded_pause,episodes/CAL/maze-32-32-2__s03__n32__bounded_pause/dense_position/episode.json,45feee9034f6bb7df2f0651d6f8ce47d7e7fa49aacf2348af05d75dc88341c62,38.15215430900571,maze-32-32-2__s03,197.99999999999997,maze-32-32-2,17,2.3866421359416563,32,0,214,87678,22.0978463460051,2.3866421359416563,3657.0,17,0,CAL,50,completed,True,3657.0
history_only,maze-32-32-2__s03__n32,32,speed_shift,episodes/CAL/maze-32-32-2__s03__n32__speed_shift/history_only/episode.json,d6d4ba37a2acace325b44eb40eb36f825c9d56faa993591ed8b5b9f6925d7734,44.07312154999818,maze-32-32-2__s03,231.99999999999997,maze-32-32-2,20,2.8913762969896197,32,0,0,0,25.934608611103613,2.8913762969896197,3516.0,20,1,CAL,0,completed,True,3516.0
fixed_update,maze-32-32-2__s03__n32,32,speed_shift,episodes/CAL/maze-32-32-2__s03__n32__speed_shift/fixed_update/episode.json,39794352815e7f2b9dcf49c79f3863a1dbef3447bcbf5f77109f9cbaf4ca22c1,19.459325614006957,maze-32-32-2__s03,231.99999999999997,maze-32-32-2,6,1.2266937649692409,32,0,32,13002,25.874653754144674,2.882367913960479,3516.0,20,1,CAL,4,completed,True,3516.0
history_rule,maze-32-32-2__s03__n32,32,speed_shift,episodes/CAL/maze-32-32-2__s03__n32__speed_shift/history_rule/episode.json,5ac3a40007c04e9d34a051102be6aa577c6f90b6b4ccba0bb4abdc8f36e2936a,44.24622741198982,maze-32-32-2__s03,231.99999999999997,maze-32-32-2,20,2.900816600973485,32,0,32,13004,26.057290576951345,2.900816600973485,3516.0,20,1,CAL,5,completed,True,3516.0
learned_query,maze-32-32-2__s03__n32,32,speed_shift,episodes/CAL/maze-32-32-2__s03__n32__speed_shift/learned_query/episode.json,1945f05c81aa5d302391b79a1c63e7fb10488bc7932f7811dc9a6fd42a2c05bf,21.45638540101936,maze-32-32-2__s03,231.99999999999997,maze-32-32-2,7,1.3771376179647632,32,0,32,13257,25.96576399714104,2.8933172779507004,3516.0,20,1,CAL,6,completed,True,3516.0
dense_position,maze-32-32-2__s03__n32,32,speed_shift,episodes/CAL/maze-32-32-2__s03__n32__speed_shift/dense_position/episode.json,c184f5307cd065451b7ec71540f36e569e099222b6016516c28715322ddf3911,44.68390137201641,maze-32-32-2__s03,231.99999999999997,maze-32-32-2,20,2.785323189018527,32,0,209,85957,26.06335868797032,2.785323189018527,3516.0,20,0,CAL,32,completed,True,3516.0
history_only,maze-32-32-2__s04__n08,8,stable,episodes/TEST/maze-32-32-2__s04__n08__stable/history_only/episode.json,aa857be685699cbf63d5a1b229905364432d67636afac46a142545a56efc1625,3.848005731997546,maze-32-32-2__s04,125.0,maze-32-32-2,11,0.040761359996395186,8,0,0,0,2.6503597350092605,0.040761359996395186,460.0,11,0,TEST,0,completed,True,460.0
fixed_update,maze-32-32-2__s04__n08,8,stable,episodes/TEST/maze-32-32-2__s04__n08__stable/fixed_update/episode.json,d8662c88a256abdfccff191a98903eba8f670b6fecbf81e8d6180bed24f96637,0.507160395005485,maze-32-32-2__s04,125.0,maze-32-32-2,0,0.0,8,0,8,3271,2.6503597350092605,0.040761359996395186,460.0,11,0,TEST,2,completed,True,460.0
history_rule,maze-32-32-2__s04__n08,8,stable,episodes/TEST/maze-32-32-2__s04__n08__stable/history_rule/episode.json,a7a1186bf6439673bd4f98210b1e13f24abed486873eb9b39eee72b6bcc040b1,0.5113011540088337,maze-32-32-2__s04,125.0,maze-32-32-2,0,0.0,8,0,6,2445,2.6503597350092605,0.040761359996395186,460.0,11,0,TEST,1,completed,True,460.0
learned_query,maze-32-32-2__s04__n08,8,stable,episodes/TEST/maze-32-32-2__s04__n08__stable/learned_query/episode.json,c17b5fe16dcb5a10963c3e65787f16c1ab4f1146f8a624af794b760d00dbae53,0.5243152279872447,maze-32-32-2__s04,125.0,maze-32-32-2,0,0.0,8,0,8,3271,2.6503597350092605,0.040761359996395186,460.0,11,0,TEST,2,completed,True,460.0
dense_position,maze-32-32-2__s04__n08,8,stable,episodes/TEST/maze-32-32-2__s04__n08__stable/dense_position/episode.json,f6c732307b837ac6b05c8f0803269803de6effed437da12bf8197906a0bfc201,0.5164759169856552,maze-32-32-2__s04,125.0,maze-32-32-2,0,0.0,8,0,40,16365,2.6503597350092605,0.040761359996395186,460.0,11,0,TEST,11,completed,True,460.0
history_only,maze-32-32-2__s04__n08,8,bounded_pause,episodes/TEST/maze-32-32-2__s04__n08__bounded_pause/history_only/episode.json,71affe8a67ec372b2a14683265e6197fe5cc61048bd1f4739f3cd2768ff65b50,3.778837346995715,maze-32-32-2__s04,154.0,maze-32-32-2,14,0.06662659207358956,8,0,0,0,2.1960373719921336,0.06662659207358956,697.0,14,0,TEST,0,completed,True,697.0
fixed_update,maze-32-32-2__s04__n08,8,bounded_pause,episodes/TEST/maze-32-32-2__s04__n08__bounded_pause/fixed_update/episode.json,0211ae6ea1f6dc48237169779899b0b74779d3c2a9f42fcf6c448da1f40678c4,2.0005435940111056,maze-32-32-2__s04,154.0,maze-32-32-2,6,0.030634063004981726,8,0,8,3269,2.205794861976756,0.06565660506021231,697.0,14,0,TEST,1,completed,True,697.0
history_rule,maze-32-32-2__s04__n08,8,bounded_pause,episodes/TEST/maze-32-32-2__s04__n08__bounded_pause/history_rule/episode.json,cef8b732d62c719b613396afce2399bd38f9bd415c9772f6fbe90141797ae1f7,1.5511047109903302,maze-32-32-2__s04,154.0,maze-32-32-2,4,0.02461732001393102,8,0,8,3271,2.2012743849190883,0.06555085108266212,697.0,14,0,TEST,2,completed,True,697.0
learned_query,maze-32-32-2__s04__n08,8,bounded_pause,episodes/TEST/maze-32-32-2__s04__n08__bounded_pause/learned_query/episode.json,47ca030e4b67e52a09e9c132239cc2b97fae7315a1e3a162f012f92aa9a48145,0.8814677530026529,maze-32-32-2__s04,154.0,maze-32-32-2,1,0.002795287990011275,8,0,8,3232,2.1953711819951423,0.06663250105339102,697.0,14,0,TEST,2,completed,True,697.0
dense_position,maze-32-32-2__s04__n08,8,bounded_pause,episodes/TEST/maze-32-32-2__s04__n08__bounded_pause/dense_position/episode.json,efd6cfd05b38de5f850590858ff213450a8ed492dbc6149af13bcaaad03fa84f,3.1105840659874957,maze-32-32-2__s04,154.0,maze-32-32-2,11,0.04492192802717909,8,0,53,21620,2.1954910630884115,0.06543891504406929,697.0,14,0,TEST,10,completed,True,697.0
history_only,maze-32-32-2__s04__n08,8,speed_shift,episodes/TEST/maze-32-32-2__s04__n08__speed_shift/history_only/episode.json,1c51bccc839a1eab1743ce2ef8f43633c5c2f93d358d0ecec3d91a6c6f2f9ccd,3.7358335109893233,maze-32-32-2__s04,149.0,maze-32-32-2,14,0.04066596002667211,8,0,0,0,2.162018027942395,0.04066596002667211,674.0,14,0,TEST,0,completed,True,674.0
fixed_update,maze-32-32-2__s04__n08,8,speed_shift,episodes/TEST/maze-32-32-2__s04__n08__speed_shift/fixed_update/episode.json,6afa433525115b383d1b331c191f7f526df087c20aaa114910e8e83c2d3397d5,1.9836700760060921,maze-32-32-2__s04,149.0,maze-32-32-2,6,0.01769346301443875,8,0,8,3269,2.161566815979313,0.04023949304246344,674.0,14,0,TEST,0,completed,True,674.0
history_rule,maze-32-32-2__s04__n08,8,speed_shift,episodes/TEST/maze-32-32-2__s04__n08__speed_shift/history_rule/episode.json,dc958a58e1444e81c53ec6492bd1d04e37f63518e1bf3703ebf550484ec68921,1.762942897999892,maze-32-32-2__s04,149.0,maze-32-32-2,5,0.01495419701677747,8,0,8,3273,2.1599407179746777,0.040534238069085404,674.0,14,0,TEST,1,completed,True,674.0
learned_query,maze-32-32-2__s04__n08,8,speed_shift,episodes/TEST/maze-32-32-2__s04__n08__speed_shift/learned_query/episode.json,a3c0085b6139db54f56f09afff7b3926d20692df16539d805caff97595332367,1.325634517997969,maze-32-32-2__s04,149.0,maze-32-32-2,3,0.009101785981329158,8,0,8,3234,2.1638536539685447,0.040822880022460595,674.0,14,0,TEST,3,completed,True,674.0
dense_position,maze-32-32-2__s04__n08,8,speed_shift,episodes/TEST/maze-32-32-2__s04__n08__speed_shift/dense_position/episode.json,5c184d7ea7a09fc28fa511ea6f99f45f7f699e931f28549f829ef6d7d9b27306,3.095408559020143,maze-32-32-2__s04,149.0,maze-32-32-2,11,0.03223062993492931,8,0,54,21999,2.1757247939822264,0.04073728693765588,674.0,14,0,TEST,10,completed,True,674.0
history_only,maze-32-32-2__s04__n16,16,stable,episodes/TEST/maze-32-32-2__s04__n16__stable/history_only/episode.json,ec7451e4f2ca14a038c7f6bc729bac5bbd77ab985d135c99b9be1582ddf57c32,8.455180819990346,maze-32-32-2__s04,129.0,maze-32-32-2,12,0.22399537393357605,16,0,0,0,4.917935313977068,0.22399537393357605,1074.0,12,0,TEST,0,completed,True,1074.0
fixed_update,maze-32-32-2__s04__n16,16,stable,episodes/TEST/maze-32-32-2__s04__n16__stable/fixed_update/episode.json,80c5399ced6d2a8cb4dad607ad889d0dad58ce8292d17aec6791e84a4f97844b,1.5714411179942545,maze-32-32-2__s04,129.0,maze-32-32-2,0,0.0,16,0,16,6559,4.917935313977068,0.22399537393357605,1074.0,12,0,TEST,4,completed,True,1074.0
history_rule,maze-32-32-2__s04__n16,16,stable,episodes/TEST/maze-32-32-2__s04__n16__stable/history_rule/episode.json,936240a60547b32d0431d796550917dde6fe244df2bb9d3a87c1c2d398457aee,1.5769375700037926,maze-32-32-2__s04,129.0,maze-32-32-2,0,0.0,16,0,16,6520,4.917935313977068,0.22399537393357605,1074.0,12,0,TEST,5,completed,True,1074.0
learned_query,maze-32-32-2__s04__n16,16,stable,episodes/TEST/maze-32-32-2__s04__n16__stable/learned_query/episode.json,3b9f9f8a0826cb415a717c6f6e728b7dc0b7de2e6406e2168f668b406c419e21,1.5806871919776313,maze-32-32-2__s04,129.0,maze-32-32-2,0,0.0,16,0,16,6562,4.917935313977068,0.22399537393357605,1074.0,12,0,TEST,4,completed,True,1074.0
dense_position,maze-32-32-2__s04__n16,16,stable,episodes/TEST/maze-32-32-2__s04__n16__stable/dense_position/episode.json,df7c8ceb1c40c60378618efa356e302ddc8ef38b4a496bbe5492c97b2cd64d37,1.5788311649812385,maze-32-32-2__s04,129.0,maze-32-32-2,0,0.0,16,0,83,33886,4.917935313977068,0.22399537393357605,1074.0,12,0,TEST,23,completed,True,1074.0
history_only,maze-32-32-2__s04__n16,16,bounded_pause,episodes/TEST/maze-32-32-2__s04__n16__bounded_pause/history_only/episode.json,6263c7b6b07d9865f49f2f100ac8f6711869a65e3bf695df35e6a1add2c10d3c,15.037416695005959,maze-32-32-2__s04,225.91666666666663,maze-32-32-2,21,0.5689925169863272,16,0,0,0,8.758809317892883,0.5689925169863272,1770.75,21,0,TEST,0,completed,True,1770.75
fixed_update,maze-32-32-2__s04__n16,16,bounded_pause,episodes/TEST/maze-32-32-2__s04__n16__bounded_pause/fixed_update/episode.json,a20348d31bcdfabe54fac5ce211a1e7e75ead3c3ee1fdd648e4f3a27d9fa79d6,6.361109691002639,maze-32-32-2__s04,225.91666666666663,maze-32-32-2,6,0.2300957830157131,16,0,16,6571,8.775545505894115,0.5701083669846412,1770.75,21,0,TEST,4,completed,True,1770.75
history_rule,maze-32-32-2__s04__n16,16,bounded_pause,episodes/TEST/maze-32-32-2__s04__n16__bounded_pause/history_rule/episode.json,efeba6ec50b29a08f4c2e7bd0ad835fc07d40e49c7edd5db3a56fcee54164b38,5.16734645300312,maze-32-32-2__s04,225.91666666666663,maze-32-32-2,4,0.1420747479714919,16,0,16,6552,8.785028639918892,0.5710390089661814,1770.75,21,0,TEST,4,completed,True,1770.75
learned_query,maze-32-32-2__s04__n16,16,bounded_pause,episodes/TEST/maze-32-32-2__s04__n16__bounded_pause/learned_query/episode.json,97a5d2077bfa2b3bd0b404cec1046d39bd0bb232eb45e21a77945d25ccfec701,2.7858337219804525,maze-32-32-2__s04,225.91666666666663,maze-32-32-2,0,0.0,16,0,16,6508,8.758809317892883,0.5689925169863272,1770.75,21,0,TEST,4,completed,True,1770.75
dense_position,maze-32-32-2__s04__n16,16,bounded_pause,episodes/TEST/maze-32-32-2__s04__n16__bounded_pause/dense_position/episode.json,be84e78d51e4a9b93fc575ee8d1f51bd15eecfd2c3f95b3c016f5be24f205cce,13.441483717004303,maze-32-32-2__s04,225.91666666666663,maze-32-32-2,18,0.4921158210199792,16,0,112,45886,8.843695271090837,0.5771749480336439,1770.75,21,0,TEST,21,completed,True,1770.75
history_only,maze-32-32-2__s04__n16,16,speed_shift,episodes/TEST/maze-32-32-2__s04__n16__speed_shift/history_only/episode.json,5be78e94072cd7d4cb7f9d30e3c8a400c792d0ead65c2e2633822f6645055ba9,14.526293163013179,maze-32-32-2__s04,218.08333333333331,maze-32-32-2,20,0.5227624570543412,16,0,0,0,8.43850678903982,0.5227624570543412,1583.8333333333333,20,0,TEST,0,completed,True,1583.8333333333333
fixed_update,maze-32-32-2__s04__n16,16,speed_shift,episodes/TEST/maze-32-32-2__s04__n16__speed_shift/fixed_update/episode.json,0c4dedbfc5bc63db67ecb02ca4fa26c337b3bdba4d51e05438ab91f474cde831,6.426685395010281,maze-32-32-2__s04,218.08333333333331,maze-32-32-2,6,0.255726774019422,16,0,16,6560,8.427461556071648,0.5217595770373009,1583.8333333333333,20,0,TEST,2,completed,True,1583.8333333333333
history_rule,maze-32-32-2__s04__n16,16,speed_shift,episodes/TEST/maze-32-32-2__s04__n16__speed_shift/history_rule/episode.json,c63a6fa9956b541a524b5df0918a99aabb0dd5181d62582669873bc91ed2505d,5.157786547992146,maze-32-32-2__s04,218.08333333333331,maze-32-32-2,4,0.14250351500231773,16,0,16,6552,8.427720700070495,0.5212517460167874,1583.8333333333333,20,0,TEST,2,completed,True,1583.8333333333333
learned_query,maze-32-32-2__s04__n16,16,speed_shift,episodes/TEST/maze-32-32-2__s04__n16__speed_shift/learned_query/episode.json,71f34ca70ac4a924527d39d61020c7af76d8e817564b4c25c26ab31bc1e4981c,6.268672689009691,maze-32-32-2__s04,218.08333333333331,maze-32-32-2,6,0.13827031897380948,16,0,16,6485,8.45622941001784,0.5246727549820207,1583.8333333333333,20,0,TEST,3,completed,True,1583.8333333333333
dense_position,maze-32-32-2__s04__n16,16,speed_shift,episodes/TEST/maze-32-32-2__s04__n16__speed_shift/dense_position/episode.json,47054cf3716e52c58285436a92d6f5cffaa87f16ceeb6758e1bac62347fa9903,12.066967352991924,maze-32-32-2__s04,218.08333333333331,maze-32-32-2,16,0.3972291809914168,16,0,106,43283,8.443770362006035,0.5227399179711938,1583.8333333333333,20,0,TEST,20,completed,True,1583.8333333333333
history_only,maze-32-32-2__s04__n32,32,stable,episodes/TEST/maze-32-32-2__s04__n32__stable/history_only/episode.json,2fdf8140b748ba8dab25c20b26b25eec5e81505c1e13a6e85cb4254c1937e7d1,25.380718384985812,maze-32-32-2__s04,149.0,maze-32-32-2,12,1.701505114993779,32,0,0,0,15.075948861020152,1.701505114993779,2293.0,12,1,TEST,0,completed,True,2293.0
fixed_update,maze-32-32-2__s04__n32,32,stable,episodes/TEST/maze-32-32-2__s04__n32__stable/fixed_update/episode.json,1895f86d4d25b884db7e0f22227622c09a2d596074379f0543afc2cce384fb91,6.840830297005596,maze-32-32-2__s04,149.0,maze-32-32-2,1,0.27286663799895905,32,0,32,12998,15.070010281022405,1.7019041450112127,2293.0,12,1,TEST,0,completed,True,2293.0
history_rule,maze-32-32-2__s04__n32,32,stable,episodes/TEST/maze-32-32-2__s04__n32__stable/history_rule/episode.json,ff2033eb2ac3fde500faaf5a79a7cd80d803598e1461681dd1683f1d59a10ab1,6.8661011130025145,maze-32-32-2__s04,149.0,maze-32-32-2,1,0.2729427099984605,32,0,32,12996,15.077589546010131,1.7019802170107141,2293.0,12,1,TEST,0,completed,True,2293.0
learned_query,maze-32-32-2__s04__n32,32,stable,episodes/TEST/maze-32-32-2__s04__n32__stable/learned_query/episode.json,48ffaddc28aa3dc525fe3c005db9e7359701081fd6393f0585d1fb9c64dfd8fc,6.972551351995207,maze-32-32-2__s04,149.0,maze-32-32-2,1,0.2853609310113825,32,0,32,13004,15.100540793006076,1.7143984380236361,2293.0,12,1,TEST,0,completed,True,2293.0
dense_position,maze-32-32-2__s04__n32,32,stable,episodes/TEST/maze-32-32-2__s04__n32__stable/dense_position/episode.json,42ccf485dc621d3bdb54bfcd68eea5634189add6d8d16219ecd017f01d3294ae,7.036435250018258,maze-32-32-2__s04,149.0,maze-32-32-2,1,0.28974080499028787,32,0,149,60823,15.123998448019847,1.7187783120025415,2293.0,12,1,TEST,16,completed,True,2293.0
history_only,maze-32-32-2__s04__n32,32,bounded_pause,episodes/TEST/maze-32-32-2__s04__n32__bounded_pause/history_only/episode.json,a3b77655d2e20b0afc624132e97355b6262f8f0acb411a1cd28073ef2baa5355,43.19130249400041,maze-32-32-2__s04,248.99999999999997,maze-32-32-2,20,2.833806273934897,32,0,0,0,25.043541065970203,2.833806273934897,3758.5833333333335,20,0,TEST,0,completed,True,3758.5833333333335
fixed_update,maze-32-32-2__s04__n32,32,bounded_pause,episodes/TEST/maze-32-32-2__s04__n32__bounded_pause/fixed_update/episode.json,8fbb7387902290229a2787d4491028ca9386d00f7ad0ddd103c1806d84c55674,23.680461963027483,maze-32-32-2__s04,248.99999999999997,maze-32-32-2,8,1.8471908180508763,32,0,32,13018,25.0346449619974,2.8647662780131213,3758.5833333333335,20,0,TEST,0,completed,True,3758.5833333333335
history_rule,maze-32-32-2__s04__n32,32,bounded_pause,episodes/TEST/maze-32-32-2__s04__n32__bounded_pause/history_rule/episode.json,80267410bf8eaaa4024d8fc3f91299b649741fca537fbd512cbe54364de6a4de,43.08530536299804,maze-32-32-2__s04,248.99999999999997,maze-32-32-2,20,2.8348769939912017,32,0,32,13028,24.985552813042887,2.8348769939912017,3758.5833333333335,20,0,TEST,0,completed,True,3758.5833333333335
learned_query,maze-32-32-2__s04__n32,32,bounded_pause,episodes/TEST/maze-32-32-2__s04__n32__bounded_pause/learned_query/episode.json,60412bf3aae8f77aa9e8a095caefc330fd96f25241412d34d5ffa0d30712f6a3,24.331445490010083,maze-32-32-2__s04,248.99999999999997,maze-32-32-2,9,0.893085160991177,32,0,24,9863,24.971409480960574,2.8341733209672384,3758.5833333333335,20,0,TEST,3,completed,True,3758.5833333333335
dense_position,maze-32-32-2__s04__n32,32,bounded_pause,episodes/TEST/maze-32-32-2__s04__n32__bounded_pause/dense_position/episode.json,59e47c1c959e44d52692912b3281a346bd6237e79abb652fdbfc3ab64bbe8ae9,42.64180079000653,maze-32-32-2__s04,248.99999999999997,maze-32-32-2,20,2.6856605361099355,32,0,192,78903,24.57576814305503,2.6856605361099355,3758.5833333333335,20,0,TEST,24,completed,True,3758.5833333333335
history_only,maze-32-32-2__s04__n32,32,speed_shift,episodes/TEST/maze-32-32-2__s04__n32__speed_shift/history_only/episode.json,3a0199a5f188e0119d670af2939cbd13dcc6131e4c9f0554b0129fcda49ca806,43.10835827700794,maze-32-32-2__s04,243.0,maze-32-32-2,20,2.7828765129088424,32,0,0,0,24.795582388032926,2.7828765129088424,3298.5,20,0,TEST,0,completed,True,3298.5
fixed_update,maze-32-32-2__s04__n32,32,speed_shift,episodes/TEST/maze-32-32-2__s04__n32__speed_shift/fixed_update/episode.json,ce79b9b01ce11ff477896c84de6cb6e6578c0651a0fb712d7c66af3ddc043d09,21.834013788000448,maze-32-32-2__s04,243.0,maze-32-32-2,7,1.7440879789646715,32,0,32,12995,24.779665831971215,2.7764691938646138,3298.5,20,0,TEST,1,completed,True,3298.5
history_rule,maze-32-32-2__s04__n32,32,speed_shift,episodes/TEST/maze-32-32-2__s04__n32__speed_shift/history_rule/episode.json,1058bc5fd7b1efe30f782b9c3bbdfc664ecbc7c1d4490ed0967ca699ec481a4d,42.29111101600574,maze-32-32-2__s04,243.0,maze-32-32-2,20,2.690851787017891,32,0,32,12991,24.57308350095991,2.690851787017891,3325.5,20,0,TEST,0,completed,True,3325.5
learned_query,maze-32-32-2__s04__n32,32,speed_shift,episodes/TEST/maze-32-32-2__s04__n32__speed_shift/learned_query/episode.json,6a1478bfcf22379b4f4c04d06fb69774c4c7021c6c11876772e663613ece7fe3,21.42830691699055,maze-32-32-2__s04,243.0,maze-32-32-2,7,1.7117356210073922,32,0,32,13039,24.654493875044864,2.7441168359073345,3298.5,20,0,TEST,8,completed,True,3298.5
dense_position,maze-32-32-2__s04__n32,32,speed_shift,episodes/TEST/maze-32-32-2__s04__n32__speed_shift/dense_position/episode.json,895eda372f7c49806ccd87aaee3de18ce3b04a0dad18ca9e9eea07e319852ed9,42.21885466299136,maze-32-32-2__s04,243.0,maze-32-32-2,20,2.708308826026041,32,0,185,75725,24.588783759914804,2.708308826026041,3325.5,20,0,TEST,22,completed,True,3325.5
history_only,maze-32-32-2__s05__n08,8,stable,episodes/TEST/maze-32-32-2__s05__n08__stable/history_only/episode.json,81ebb62e893176034bfabb2ab21684da57b0fbf898b556f60184322e8a520b53,1.9483551179873757,maze-32-32-2__s05,87.0,maze-32-32-2,12,0.025544351985445246,8,0,0,0,1.1111078929970972,0.025544351985445246,306.0,12,0,TEST,0,completed,True,306.0
fixed_update,maze-32-32-2__s05__n08,8,stable,episodes/TEST/maze-32-32-2__s05__n08__stable/fixed_update/episode.json,f451028bce04f6e6904cf2b90e38397697846a2959cd5e831605a1ac35e677e8,0.3344640459981747,maze-32-32-2__s05,87.0,maze-32-32-2,0,0.0,8,0,8,3232,1.1111078929970972,0.025544351985445246,306.0,12,0,TEST,1,completed,True,306.0
history_rule,maze-32-32-2__s05__n08,8,stable,episodes/TEST/maze-32-32-2__s05__n08__stable/history_rule/episode.json,b50c7c637583407dab42c9ba9ef89aff0b7048a808bac3c81342b532ea1e7bbb,0.3329200530133676,maze-32-32-2__s05,87.0,maze-32-32-2,0,0.0,8,0,8,3232,1.1111078929970972,0.025544351985445246,306.0,12,0,TEST,1,completed,True,306.0
learned_query,maze-32-32-2__s05__n08,8,stable,episodes/TEST/maze-32-32-2__s05__n08__stable/learned_query/episode.json,119ce477526eef73a5e1f88628784d0e9fd15c8878d15c5b0393a51edd8e2289,0.33240685099735856,maze-32-32-2__s05,87.0,maze-32-32-2,0,0.0,8,0,8,3232,1.1111078929970972,0.025544351985445246,306.0,12,0,TEST,1,completed,True,306.0
dense_position,maze-32-32-2__s05__n08,8,stable,episodes/TEST/maze-32-32-2__s05__n08__stable/dense_position/episode.json,49e4eda25de8366cac3635f2213fa0c159e995f0ad381998a8f3839b197b9b49,0.32418570801382884,maze-32-32-2__s05,87.0,maze-32-32-2,0,0.0,8,0,38,15316,1.1111078929970972,0.025544351985445246,306.0,12,0,TEST,5,completed,True,306.0
history_only,maze-32-32-2__s05__n08,8,bounded_pause,episodes/TEST/maze-32-32-2__s05__n08__bounded_pause/history_only/episode.json,6036f34f5d5e0d9eee39f24a4dc5cf2aec391fd41f70f8cb3c543fcdd6fc94db,2.232442615000764,maze-32-32-2__s05,103.0,maze-32-32-2,14,0.028595573006896302,8,0,0,0,1.281200765981339,0.028595573006896302,380.0,14,0,TEST,0,completed,True,380.0
fixed_update,maze-32-32-2__s05__n08,8,bounded_pause,episodes/TEST/maze-32-32-2__s05__n08__bounded_pause/fixed_update/episode.json,afda5fbb596bf420faa3d92401dbf9eeb691f3d499af358b44ad5e14a29a9a99,0.7817042189999484,maze-32-32-2__s05,103.0,maze-32-32-2,3,0.006321259017568082,8,0,8,3231,1.284643390972633,0.028511314041679725,380.0,14,0,TEST,1,completed,True,380.0
history_rule,maze-32-32-2__s05__n08,8,bounded_pause,episodes/TEST/maze-32-32-2__s05__n08__bounded_pause/history_rule/episode.json,1183e1786c12cbf29b61d0cc41f91f9bebdb7569695a70fb9d0352a92eb245db,0.652719868987333,maze-32-32-2__s05,103.0,maze-32-32-2,2,0.004125726991333067,8,0,8,3233,1.2855364139250014,0.028322000027401373,380.0,14,0,TEST,1,completed,True,380.0
learned_query,maze-32-32-2__s05__n08,8,bounded_pause,episodes/TEST/maze-32-32-2__s05__n08__bounded_pause/learned_query/episode.json,cf25b8e0dc4b2ed31238c02f0113f5f7c01ec764e24c9c362fc586a9be880cda,0.3930366499989759,maze-32-32-2__s05,103.0,maze-32-32-2,0,0.0,8,0,8,3232,1.281200765981339,0.028595573006896302,380.0,14,0,TEST,1,completed,True,380.0
dense_position,maze-32-32-2__s05__n08,8,bounded_pause,episodes/TEST/maze-32-32-2__s05__n08__bounded_pause/dense_position/episode.json,9511b08c7a7d06150481d320ae845b054487d5e6595a5cea4245f8ead218b5bf,1.7119092989887577,maze-32-32-2__s05,103.0,maze-32-32-2,10,0.020857430034084246,8,0,47,18981,1.2930493610328995,0.028951477084774524,380.0,14,0,TEST,4,completed,True,380.0
history_only,maze-32-32-2__s05__n08,8,speed_shift,episodes/TEST/maze-32-32-2__s05__n08__speed_shift/history_only/episode.json,2dc326ce14b3ca3a132c4e690bffca51725a3c20f4ca91ee97c0d8a44300a768,2.3892731590021867,maze-32-32-2__s05,111.0,maze-32-32-2,15,0.030413667089305818,8,0,0,0,1.3820123740297277,0.030413667089305818,365.0,15,0,TEST,0,completed,True,365.0
fixed_update,maze-32-32-2__s05__n08,8,speed_shift,episodes/TEST/maze-32-32-2__s05__n08__speed_shift/fixed_update/episode.json,d00f4d03dc0afbf0615cb561f1621ca07c7312bb6a8ec5bb9543f306906d8951,0.6777981520281173,maze-32-32-2__s05,111.0,maze-32-32-2,2,0.004131549008889124,8,0,8,3230,1.380314308044035,0.03039995310246013,365.0,15,0,TEST,1,completed,True,365.0
history_rule,maze-32-32-2__s05__n08,8,speed_shift,episodes/TEST/maze-32-32-2__s05__n08__speed_shift/history_rule/episode.json,44fa50c137df52f860c0c2e0a0432f8676bce517120ca8dda9ac290adb99b3e4,0.5453542420000304,maze-32-32-2__s05,111.0,maze-32-32-2,1,0.0023443439858965576,8,0,8,3231,1.3816557580430526,0.030578562087612227,365.0,15,0,TEST,1,completed,True,365.0
learned_query,maze-32-32-2__s05__n08,8,speed_shift,episodes/TEST/maze-32-32-2__s05__n08__speed_shift/learned_query/episode.json,a4429c60da7eb505ddaa018ef5e1805291b13d8eef133c6efb57502957a903c7,0.41417432998423465,maze-32-32-2__s05,111.0,maze-32-32-2,0,0.0,8,0,8,3232,1.3820123740297277,0.030413667089305818,365.0,15,0,TEST,1,completed,True,365.0
dense_position,maze-32-32-2__s05__n08,8,speed_shift,episodes/TEST/maze-32-32-2__s05__n08__speed_shift/dense_position/episode.json,8f51d42faac96f3cff7978c85070968e54191006e16347c0166d69de90489c1b,1.737804125994444,maze-32-32-2__s05,111.0,maze-32-32-2,10,0.02031665196409449,8,0,46,18599,1.3798575969995,0.03044174096430652,365.0,15,0,TEST,5,completed,True,365.0
history_only,maze-32-32-2__s05__n16,16,stable,episodes/TEST/maze-32-32-2__s05__n16__stable/history_only/episode.json,e9f1385d375e1bcac3adc7f2af9d7e785e47511b859fc0b6265751536f27ea6e,5.21333937800955,maze-32-32-2__s05,93.0,maze-32-32-2,11,0.18107051998958923,16,0,0,0,3.0655633980350103,0.18107051998958923,754.0,11,0,TEST,0,completed,True,754.0
fixed_update,maze-32-32-2__s05__n16,16,stable,episodes/TEST/maze-32-32-2__s05__n16__stable/fixed_update/episode.json,e1a30214ac7b3c25b23220ec61c714eacda0d05093e14da2b960fadc09bba278,0.9511989099846687,maze-32-32-2__s05,93.0,maze-32-32-2,0,0.0,16,0,16,6000,3.0655633980350103,0.18107051998958923,754.0,11,0,TEST,4,completed,True,754.0
history_rule,maze-32-32-2__s05__n16,16,stable,episodes/TEST/maze-32-32-2__s05__n16__stable/history_rule/episode.json,2110f92cb6e6fe1a858303ea3c0ff5e93e003de6a885b4fea23c306090a0d58f,0.9377362759842072,maze-32-32-2__s05,93.0,maze-32-32-2,0,0.0,16,0,16,5986,3.0655633980350103,0.18107051998958923,754.0,11,0,TEST,4,completed,True,754.0
learned_query,maze-32-32-2__s05__n16,16,stable,episodes/TEST/maze-32-32-2__s05__n16__stable/learned_query/episode.json,878c80faff9d4a9324cf63096f7020c8acb62b3c991c95dfb852bfb64bf8ae5e,0.9588644650066271,maze-32-32-2__s05,93.0,maze-32-32-2,0,0.0,16,0,16,5992,3.0655633980350103,0.18107051998958923,754.0,11,0,TEST,4,completed,True,754.0
dense_position,maze-32-32-2__s05__n16,16,stable,episodes/TEST/maze-32-32-2__s05__n16__stable/dense_position/episode.json,b44fa6d6b1e33ee1ba2a8cb0da1293ac75c408e16d28eb1d188284c790c5887a,0.9332646590191871,maze-32-32-2__s05,93.0,maze-32-32-2,0,0.0,16,0,86,32240,3.0655633980350103,0.18107051998958923,754.0,11,0,TEST,30,completed,True,754.0
history_only,maze-32-32-2__s05__n16,16,bounded_pause,episodes/TEST/maze-32-32-2__s05__n16__bounded_pause/history_only/episode.json,b359e6809093bcfd9b6d92dfd03e94ccac7c1d325bfea2cc0ed7719ae4c8e295,8.632825289998436,maze-32-32-2__s05,143.0,maze-32-32-2,18,0.3982367199496366,16,0,0,0,5.084235341928434,0.3982367199496366,1296.0,18,0,TEST,0,completed,True,1296.0
fixed_update,maze-32-32-2__s05__n16,16,bounded_pause,episodes/TEST/maze-32-32-2__s05__n16__bounded_pause/fixed_update/episode.json,245f069c44360a008758142dd68a89c44055c6f8079c3160882906a668d9e846,4.039709813980153,maze-32-32-2__s05,143.0,maze-32-32-2,6,0.24626856500981376,16,0,16,6033,5.104356951953378,0.3980696719372645,1296.0,18,0,TEST,4,completed,True,1296.0
history_rule,maze-32-32-2__s05__n16,16,bounded_pause,episodes/TEST/maze-32-32-2__s05__n16__bounded_pause/history_rule/episode.json,4557d28598c66a5b632996a3e1cfe269ff03208c3fefbd7f50727532f6729b34,3.9419258090201765,maze-32-32-2__s05,143.0,maze-32-32-2,6,0.15988341701449826,16,0,16,6128,5.08691586900386,0.3979867739544716,1296.0,18,0,TEST,2,completed,True,1296.0
learned_query,maze-32-32-2__s05__n16,16,bounded_pause,episodes/TEST/maze-32-32-2__s05__n16__bounded_pause/learned_query/episode.json,ee62a6529b8e179670ac647eeffa6e9c89198e4d5e6417ec0912118acc210714,3.1442196030111518,maze-32-32-2__s05,143.0,maze-32-32-2,4,0.10778005700558424,16,0,16,6006,5.0906338549393695,0.39813623696682043,1296.0,18,0,TEST,5,completed,True,1296.0
dense_position,maze-32-32-2__s05__n16,16,bounded_pause,episodes/TEST/maze-32-32-2__s05__n16__bounded_pause/dense_position/episode.json,806251f1bb6aaac1b45205bece67748001988eb5d30d0a65ac1eab1043026b1c,7.093430591019569,maze-32-32-2__s05,143.0,maze-32-32-2,14,0.3265895899676252,16,0,123,46748,5.119708498037653,0.39717787396511994,1296.0,18,0,TEST,28,completed,True,1296.0
history_only,maze-32-32-2__s05__n16,16,speed_shift,episodes/TEST/maze-32-32-2__s05__n16__speed_shift/history_only/episode.json,64dbdfecfdc22538b65b91bd65c2caf6c416dad02fa1290990a3389b564fc53d,7.5165756400092505,maze-32-32-2__s05,127.0,maze-32-32-2,16,0.19376274003298022,16,0,0,0,4.3736672339146025,0.19376274003298022,1094.0,16,0,TEST,0,completed,True,1094.0
fixed_update,maze-32-32-2__s05__n16,16,speed_shift,episodes/TEST/maze-32-32-2__s05__n16__speed_shift/fixed_update/episode.json,91f3f4eb611f41694ac1a986dc9d41c2039449156def6dde5fd5351f6d7d4bb0,4.057346596993739,maze-32-32-2__s05,127.0,maze-32-32-2,7,0.12971372602623887,16,0,16,6001,4.362008521915413,0.1935004610568285,1094.0,16,0,TEST,2,completed,True,1094.0
history_rule,maze-32-32-2__s05__n16,16,speed_shift,episodes/TEST/maze-32-32-2__s05__n16__speed_shift/history_rule/episode.json,351696af451e9d1b21092001600c28d91a0e2858bd46b7e4d9b86b392e14e6ee,3.6626525730243884,maze-32-32-2__s05,127.0,maze-32-32-2,6,0.09247375495033339,16,0,16,6004,4.362207285972545,0.1877824269759003,1094.0,16,0,TEST,2,completed,True,1094.0
learned_query,maze-32-32-2__s05__n16,16,speed_shift,episodes/TEST/maze-32-32-2__s05__n16__speed_shift/learned_query/episode.json,3a311e7ec4881e786cc588a438d605fed5877660df50482aca8657e7b8dec792,3.304234365001321,maze-32-32-2__s05,127.0,maze-32-32-2,5,0.09300371599965729,16,0,16,5999,4.370535922906129,0.19345727606560104,1094.0,16,0,TEST,3,completed,True,1094.0
dense_position,maze-32-32-2__s05__n16,16,speed_shift,episodes/TEST/maze-32-32-2__s05__n16__speed_shift/dense_position/episode.json,6b70365cf80693cd9663fa7b67b103f2f4e12634d525a5286a7e515916dcd650,7.101287293015048,maze-32-32-2__s05,127.0,maze-32-32-2,15,0.16330288199242204,16,0,119,44741,4.384170267992886,0.19482481898739934,1094.0,16,0,TEST,30,completed,True,1094.0
history_only,maze-32-32-2__s05__n32,32,stable,episodes/TEST/maze-32-32-2__s05__n32__stable/history_only/episode.json,039ce4f782dcbceadd6289fbdc01bd670521fdf715eaab441a76534dcd138f9e,24.99404394600424,maze-32-32-2__s05,131.0,maze-32-32-2,12,1.600426115008304,32,0,0,0,14.805340918072034,1.600426115008304,2171.3333333333335,12,0,TEST,0,completed,True,2171.3333333333335
fixed_update,maze-32-32-2__s05__n32,32,stable,episodes/TEST/maze-32-32-2__s05__n32__stable/fixed_update/episode.json,a626791e4522d7f428aca5023007a8b2e9d99aa502d454e8042b19b395b1a1dc,5.0908298029971775,maze-32-32-2__s05,131.0,maze-32-32-2,0,0.0,32,0,32,13166,14.805340918072034,1.600426115008304,2171.3333333333335,12,0,TEST,0,completed,True,2171.3333333333335
history_rule,maze-32-32-2__s05__n32,32,stable,episodes/TEST/maze-32-32-2__s05__n32__stable/history_rule/episode.json,2d3b6caba8d8d6177ae22e519e387f81280ce7eebddb06e93aed8f52af3f759e,5.019021505024284,maze-32-32-2__s05,131.0,maze-32-32-2,0,0.0,32,0,32,13132,14.805340918072034,1.600426115008304,2171.3333333333335,12,0,TEST,1,completed,True,2171.3333333333335
learned_query,maze-32-32-2__s05__n32,32,stable,episodes/TEST/maze-32-32-2__s05__n32__stable/learned_query/episode.json,ad781d9afe8b9b1f47486b6b6182e20d554ec8d28df252fe05e0e315808877ec,5.08140174500295,maze-32-32-2__s05,131.0,maze-32-32-2,0,0.0,32,0,32,13155,14.805340918072034,1.600426115008304,2171.3333333333335,12,0,TEST,4,completed,True,2171.3333333333335
dense_position,maze-32-32-2__s05__n32,32,stable,episodes/TEST/maze-32-32-2__s05__n32__stable/dense_position/episode.json,4d206bedcff3a5e8b2321324131036d323531da1c891a3e4dea7f7e9adfd0b5d,5.212186926975846,maze-32-32-2__s05,131.0,maze-32-32-2,0,0.0,32,0,172,70488,14.805340918072034,1.600426115008304,2171.3333333333335,12,0,TEST,18,completed,True,2171.3333333333335
history_only,maze-32-32-2__s05__n32,32,bounded_pause,episodes/TEST/maze-32-32-2__s05__n32__bounded_pause/history_only/episode.json,79a732352925bd51c502468d16d7b1828b0e83341f252d89bb04490238221145,41.591111376998015,maze-32-32-2__s05,196.99999999999994,maze-32-32-2,19,3.6545307519845665,32,0,0,0,24.86112167694955,3.6545307519845665,3540.0,19,0,TEST,0,completed,True,3540.0
fixed_update,maze-32-32-2__s05__n32,32,bounded_pause,episodes/TEST/maze-32-32-2__s05__n32__bounded_pause/fixed_update/episode.json,66ec10fff166a1b572cb1565473f9a039728c7de6eb1ccfe9223755f77b37d49,23.489598521002335,maze-32-32-2__s05,196.99999999999994,maze-32-32-2,8,2.6637740900332574,32,0,32,13171,24.896934195043286,3.6900660580431577,3540.0,19,0,TEST,0,completed,True,3540.0
history_rule,maze-32-32-2__s05__n32,32,bounded_pause,episodes/TEST/maze-32-32-2__s05__n32__bounded_pause/history_rule/episode.json,ba699b03e77150559bc0fa6b057e4bdf573abde659356da0e5d80ec6550b6579,23.85920442600036,maze-32-32-2__s05,196.99999999999994,maze-32-32-2,8,2.721310488966992,32,0,32,13189,25.00337178996415,3.7476024569768924,3540.0,19,0,TEST,0,completed,True,3540.0
learned_query,maze-32-32-2__s05__n32,32,bounded_pause,episodes/TEST/maze-32-32-2__s05__n32__bounded_pause/learned_query/episode.json,cc99285e254dcf70e15f2f58f462067c43eda02b8f88e8c7fc2ce2636d586ad9,16.110002449015155,maze-32-32-2__s05,196.99999999999994,maze-32-32-2,4,1.1120654209516943,32,0,32,13257,24.890983649005648,3.6593021748994943,3540.0,19,0,TEST,7,completed,True,3540.0
dense_position,maze-32-32-2__s05__n32,32,bounded_pause,episodes/TEST/maze-32-32-2__s05__n32__bounded_pause/dense_position/episode.json,8559d3e482a3f0670636dfc1caea87b9425e1a6140c2ca7ee3af9737b0b49450,42.00392772699706,maze-32-32-2__s05,196.99999999999994,maze-32-32-2,19,3.794981374987401,32,0,233,96078,24.872329963109223,3.794981374987401,3540.0,19,0,TEST,29,completed,True,3540.0
history_only,maze-32-32-2__s05__n32,32,speed_shift,episodes/TEST/maze-32-32-2__s05__n32__speed_shift/history_only/episode.json,1c71bee3a7d5eb7382de55e4b2b0d6bbd2b9dea474880c1085965914646feaef,40.10497614799533,maze-32-32-2__s05,197.0,maze-32-32-2,19,2.436309776036069,32,0,0,0,23.330395382014103,2.436309776036069,3048.0,19,0,TEST,0,completed,True,3048.0
fixed_update,maze-32-32-2__s05__n32,32,speed_shift,episodes/TEST/maze-32-32-2__s05__n32__speed_shift/fixed_update/episode.json,a084cd14891de6c3acd7ec6f06edca80b5e3f37a84c62127d2d82de2906e252f,20.304428413975984,maze-32-32-2__s05,197.0,maze-32-32-2,7,1.2293477619823534,32,0,32,13162,23.26134067500243,2.380830626032548,3048.0,19,0,TEST,0,completed,True,3048.0
history_rule,maze-32-32-2__s05__n32,32,speed_shift,episodes/TEST/maze-32-32-2__s05__n32__speed_shift/history_rule/episode.json,ec247481c5f94435692f936a4450b3284a37be9322fcf5080bac7d2ca0e0225b,20.261410161008826,maze-32-32-2__s05,197.0,maze-32-32-2,7,1.2278241690364666,32,0,32,13158,23.23589054492186,2.3793070330866612,3048.0,19,0,TEST,0,completed,True,3048.0
learned_query,maze-32-32-2__s05__n32,32,speed_shift,episodes/TEST/maze-32-32-2__s05__n32__speed_shift/learned_query/episode.json,ccfd309d7472c453c6e4e50bd080fb44a8dcd88b2f5f929bafc7ed305b592286,18.31179141200846,maze-32-32-2__s05,197.0,maze-32-32-2,6,0.7578304989729077,32,0,32,13047,23.2716241919843,2.372738924022997,3048.0,19,0,TEST,5,completed,True,3048.0
dense_position,maze-32-32-2__s05__n32,32,speed_shift,episodes/TEST/maze-32-32-2__s05__n32__speed_shift/dense_position/episode.json,783ad6de865587f2a98e2b743c161f7084763bb00523cefddc25f72285e776ac,39.92591290600831,maze-32-32-2__s05,197.0,maze-32-32-2,19,2.3717147030693013,32,0,225,92451,23.43095734101371,2.3717147030693013,3048.0,19,0,TEST,27,completed,True,3048.0
history_only,warehouse-10-20-10-2-1__s03__n08,8,stable,episodes/CAL/warehouse-10-20-10-2-1__s03__n08__stable/history_only/episode.json,12878dcda0381fd679d617a9523d932b7fd3167d123cb0f5defe73c1f29d2294,1.911637218989199,warehouse-10-20-10-2-1__s03,167.0,warehouse-10-20-10-2-1,11,0.029389232920948416,8,0,0,0,1.0904953600547742,0.029389232920948416,417.0,11,0,CAL,0,completed,True,417.0
fixed_update,warehouse-10-20-10-2-1__s03__n08,8,stable,episodes/CAL/warehouse-10-20-10-2-1__s03__n08__stable/fixed_update/episode.json,3262eadad3b7c2ea299dbe8155d7a6a45e14e901306d7b5066461b9491666d37,0.32531344701419584,warehouse-10-20-10-2-1__s03,167.0,warehouse-10-20-10-2-1,0,0.0,8,0,8,3234,1.0904953600547742,0.029389232920948416,417.0,11,0,CAL,3,completed,True,417.0
history_rule,warehouse-10-20-10-2-1__s03__n08,8,stable,episodes/CAL/warehouse-10-20-10-2-1__s03__n08__stable/history_rule/episode.json,9bfa313761b2dda2ce50e753d989b26d1cb6a09afcc92e5b3ecbbb7c142f03c1,0.3241484639875125,warehouse-10-20-10-2-1__s03,167.0,warehouse-10-20-10-2-1,0,0.0,8,0,1,415,1.0904953600547742,0.029389232920948416,417.0,11,0,CAL,1,completed,True,417.0
learned_query,warehouse-10-20-10-2-1__s03__n08,8,stable,episodes/CAL/warehouse-10-20-10-2-1__s03__n08__stable/learned_query/episode.json,ec13ab5c9d4d1c9bf1e06f4f6848f7b6a1d75170cb674b00ef4eaf802574240d,0.3204309820139315,warehouse-10-20-10-2-1__s03,167.0,warehouse-10-20-10-2-1,0,0.0,8,0,8,3234,1.0904953600547742,0.029389232920948416,417.0,11,0,CAL,3,completed,True,417.0
dense_position,warehouse-10-20-10-2-1__s03__n08,8,stable,episodes/CAL/warehouse-10-20-10-2-1__s03__n08__stable/dense_position/episode.json,68bb720d31b108ebffc44c9fde0d72a3b5de333d84028f6cd777ccc39c88b7bd,0.3195371680194512,warehouse-10-20-10-2-1__s03,167.0,warehouse-10-20-10-2-1,0,0.0,8,0,26,10603,1.0904953600547742,0.029389232920948416,417.0,11,0,CAL,16,completed,True,417.0
history_only,warehouse-10-20-10-2-1__s03__n08,8,bounded_pause,episodes/CAL/warehouse-10-20-10-2-1__s03__n08__bounded_pause/history_only/episode.json,f4e55bb39e4007aface69cacddd9f348ec84aed6a7fe3b3a3e9a36ee83ed7b94,3.6184467440180015,warehouse-10-20-10-2-1__s03,299.0,warehouse-10-20-10-2-1,21,0.04104759500478394,8,0,0,0,2.0676714000292122,0.04104759500478394,668.0,21,0,CAL,0,completed,True,668.0
fixed_update,warehouse-10-20-10-2-1__s03__n08,8,bounded_pause,episodes/CAL/warehouse-10-20-10-2-1__s03__n08__bounded_pause/fixed_update/episode.json,9dd3b7348e3318440d084a2f1498fd852936804cfaf107279bd39cb4583f0966,1.616249479004182,warehouse-10-20-10-2-1__s03,299.0,warehouse-10-20-10-2-1,7,0.013737983943428844,8,0,8,3262,2.0681637130619492,0.04104526396258734,668.0,21,0,CAL,1,completed,True,668.0
history_rule,warehouse-10-20-10-2-1__s03__n08,8,bounded_pause,episodes/CAL/warehouse-10-20-10-2-1__s03__n08__bounded_pause/history_rule/episode.json,c436214b0618c8772225641a13749995d678ea2759a024d8a6b590acedce0036,0.6036719660041854,warehouse-10-20-10-2-1__s03,299.0,warehouse-10-20-10-2-1,0,0.0,8,0,1,415,2.0676714000292122,0.04104759500478394,668.0,21,0,CAL,1,completed,True,668.0
learned_query,warehouse-10-20-10-2-1__s03__n08,8,bounded_pause,episodes/CAL/warehouse-10-20-10-2-1__s03__n08__bounded_pause/learned_query/episode.json,aa41e244018cc3b733f29e03b9bd883ea11f31982680673482fbd735e62618f4,1.3285259929834865,warehouse-10-20-10-2-1__s03,299.0,warehouse-10-20-10-2-1,5,0.009531680989312008,8,0,8,3248,2.0669376880396158,0.04049712503910996,668.0,21,0,CAL,2,completed,True,668.0
dense_position,warehouse-10-20-10-2-1__s03__n08,8,bounded_pause,episodes/CAL/warehouse-10-20-10-2-1__s03__n08__bounded_pause/dense_position/episode.json,a1afb82883406b657b32265717457f644a86b7f56605ceedfcee6aa168fab141,3.3434595839935355,warehouse-10-20-10-2-1__s03,299.0,warehouse-10-20-10-2-1,19,0.03738205801346339,8,0,46,18850,2.0632880300690886,0.04112018601153977,668.0,21,0,CAL,13,completed,True,668.0
history_only,warehouse-10-20-10-2-1__s03__n08,8,speed_shift,episodes/CAL/warehouse-10-20-10-2-1__s03__n08__speed_shift/history_only/episode.json,2208d41d0c110d7713e0f9fab0c46fcc9190778f637689f37e8df858bafd16e2,3.260218782990705,warehouse-10-20-10-2-1__s03,276.0,warehouse-10-20-10-2-1,19,0.03711034695152193,8,0,0,0,1.8620020711096004,0.03711034695152193,636.0,19,0,CAL,0,completed,True,636.0
fixed_update,warehouse-10-20-10-2-1__s03__n08,8,speed_shift,episodes/CAL/warehouse-10-20-10-2-1__s03__n08__speed_shift/fixed_update/episode.json,bc2072847b16e21684ea07adc4e1210a4a6cb9131482edeb908cd6705b16fb0d,1.4212685149977915,warehouse-10-20-10-2-1__s03,276.0,warehouse-10-20-10-2-1,6,0.011942999990424141,8,0,8,3236,1.8642955140967388,0.03724318399326876,636.0,19,0,CAL,2,completed,True,636.0
history_rule,warehouse-10-20-10-2-1__s03__n08,8,speed_shift,episodes/CAL/warehouse-10-20-10-2-1__s03__n08__speed_shift/history_rule/episode.json,5de903c90c5f268972d1d4193ca295a8bacd1ac8bc8534f7185db588c98cf3c2,0.5543650709732901,warehouse-10-20-10-2-1__s03,276.0,warehouse-10-20-10-2-1,0,0.0,8,0,1,415,1.8620020711096004,0.03711034695152193,636.0,19,0,CAL,1,completed,True,636.0
learned_query,warehouse-10-20-10-2-1__s03__n08,8,speed_shift,episodes/CAL/warehouse-10-20-10-2-1__s03__n08__speed_shift/learned_query/episode.json,8fdf2c9e6ca14fb6f0af5c34949f4c93805bf4d8f90f231a0c7ad4d7af6000ad,0.9886078669806011,warehouse-10-20-10-2-1__s03,276.0,warehouse-10-20-10-2-1,3,0.006205232988577336,8,0,8,3234,1.8653074130997993,0.0373634209681768,636.0,19,0,CAL,2,completed,True,636.0
dense_position,warehouse-10-20-10-2-1__s03__n08,8,speed_shift,episodes/CAL/warehouse-10-20-10-2-1__s03__n08__speed_shift/dense_position/episode.json,6d517d5122d4d5c877940461e4db4d1c67ec9a05471ab96dc2d1ea650b5f26a0,3.134933523979271,warehouse-10-20-10-2-1__s03,276.0,warehouse-10-20-10-2-1,18,0.034893367876065895,8,0,42,17149,1.8813317410822492,0.036995024885982275,636.0,19,0,CAL,11,completed,True,636.0
history_only,warehouse-10-20-10-2-1__s03__n16,16,stable,episodes/CAL/warehouse-10-20-10-2-1__s03__n16__stable/history_only/episode.json,1e447d184cf0fc518045fa1f6a91d9dbbb7d638c713b44a0834fbe8b039b52ff,5.202066242985893,warehouse-10-20-10-2-1__s03,167.0,warehouse-10-20-10-2-1,11,0.06076611400931142,16,0,0,0,2.992123093979899,0.06076611400931142,1102.0,11,0,CAL,0,completed,True,1102.0
fixed_update,warehouse-10-20-10-2-1__s03__n16,16,stable,episodes/CAL/warehouse-10-20-10-2-1__s03__n16__stable/fixed_update/episode.json,c77b9a6a13b26f5c933b83f75c6ccd50bbc3fd985a74df6597f866ceb7629ee5,0.9030750640085898,warehouse-10-20-10-2-1__s03,167.0,warehouse-10-20-10-2-1,0,0.0,16,0,16,6486,2.992123093979899,0.06076611400931142,1102.0,11,0,CAL,6,completed,True,1102.0
history_rule,warehouse-10-20-10-2-1__s03__n16,16,stable,episodes/CAL/warehouse-10-20-10-2-1__s03__n16__stable/history_rule/episode.json,b9bb748934f137cc6e753457957ea72942a4858bf3a03be8aa028ff7af83926c,0.915166592982132,warehouse-10-20-10-2-1__s03,167.0,warehouse-10-20-10-2-1,0,0.0,16,0,6,2459,2.992123093979899,0.06076611400931142,1102.0,11,0,CAL,5,completed,True,1102.0
learned_query,warehouse-10-20-10-2-1__s03__n16,16,stable,episodes/CAL/warehouse-10-20-10-2-1__s03__n16__stable/learned_query/episode.json,f086a3651c813a7b6e1f7c8046c7575f2c4a97093e6c4ad0c513e415c8922625,0.9080361849919427,warehouse-10-20-10-2-1__s03,167.0,warehouse-10-20-10-2-1,0,0.0,16,0,16,6488,2.992123093979899,0.06076611400931142,1102.0,11,0,CAL,6,completed,True,1102.0
dense_position,warehouse-10-20-10-2-1__s03__n16,16,stable,episodes/CAL/warehouse-10-20-10-2-1__s03__n16__stable/dense_position/episode.json,fdd463380304e91bbb3d8b32031d725a8efbb16179a1968d605a76293ca7179c,0.9077681690105237,warehouse-10-20-10-2-1__s03,167.0,warehouse-10-20-10-2-1,0,0.0,16,0,72,29338,2.992123093979899,0.06076611400931142,1102.0,11,0,CAL,40,completed,True,1102.0
history_only,warehouse-10-20-10-2-1__s03__n16,16,bounded_pause,episodes/CAL/warehouse-10-20-10-2-1__s03__n16__bounded_pause/history_only/episode.json,142793031fe45c6dd681df64f87cb41cd0b248173e212d94b3d7f6bad291925c,9.877230492013041,warehouse-10-20-10-2-1__s03,299.0,warehouse-10-20-10-2-1,21,0.11168459506006911,16,0,0,0,5.643740137980785,0.11168459506006911,1716.0,21,0,CAL,0,completed,True,1716.0
fixed_update,warehouse-10-20-10-2-1__s03__n16,16,bounded_pause,episodes/CAL/warehouse-10-20-10-2-1__s03__n16__bounded_pause/fixed_update/episode.json,2803cb5e3febccb2f40fa89faaf97f67ec672b00030e02e89fb512da0da8f0b0,4.445608656998957,warehouse-10-20-10-2-1__s03,299.0,warehouse-10-20-10-2-1,7,0.0619981560157612,16,0,16,6499,5.658631430967944,0.11122098009218462,1716.0,21,0,CAL,4,completed,True,1716.0
history_rule,warehouse-10-20-10-2-1__s03__n16,16,bounded_pause,episodes/CAL/warehouse-10-20-10-2-1__s03__n16__bounded_pause/history_rule/episode.json,7aad4d113ccaa448cdb3e9ecec94f7501739a27a918cfd48389fcc2091322402,2.864747729996452,warehouse-10-20-10-2-1__s03,299.0,warehouse-10-20-10-2-1,3,0.0314812810102012,16,0,8,3260,5.6563215520000085,0.11158410509233363,1716.0,21,0,CAL,3,completed,True,1716.0
learned_query,warehouse-10-20-10-2-1__s03__n16,16,bounded_pause,episodes/CAL/warehouse-10-20-10-2-1__s03__n16__bounded_pause/learned_query/episode.json,018e5a399828c0268cb410537dad7f6ff64b307dd3a2d8c0a75aff5d4ff71d11,4.062178432010114,warehouse-10-20-10-2-1__s03,299.0,warehouse-10-20-10-2-1,6,0.05842036800459027,16,0,16,6496,5.642909752990818,0.11125187308061868,1716.0,21,0,CAL,5,completed,True,1716.0
dense_position,warehouse-10-20-10-2-1__s03__n16,16,bounded_pause,episodes/CAL/warehouse-10-20-10-2-1__s03__n16__bounded_pause/dense_position/episode.json,bfe5f4f81407299972be375dcb99d4d201235bdd55ae4158586ce7fd19fd8976,9.0804331759864,warehouse-10-20-10-2-1__s03,299.0,warehouse-10-20-10-2-1,19,0.10636592193623073,16,0,112,45892,5.662448268005392,0.11336200893856585,1716.0,21,0,CAL,30,completed,True,1716.0
history_only,warehouse-10-20-10-2-1__s03__n16,16,speed_shift,episodes/CAL/warehouse-10-20-10-2-1__s03__n16__speed_shift/history_only/episode.json,4bf61fa6df822c4ccfb7994d2c17e9650a7129da0d2110a759c3574ea28af09f,8.893819251010427,warehouse-10-20-10-2-1__s03,276.0,warehouse-10-20-10-2-1,19,0.06699139799457043,16,0,0,0,5.1149119790352415,0.06699139799457043,1625.0,19,0,CAL,0,completed,True,1625.0
fixed_update,warehouse-10-20-10-2-1__s03__n16,16,speed_shift,episodes/CAL/warehouse-10-20-10-2-1__s03__n16__speed_shift/fixed_update/episode.json,03fcdca4038e1741665347d5159ae98b0f0b57ad71e0228ce2c642c34fe90d6e,3.410353748011403,warehouse-10-20-10-2-1__s03,276.0,warehouse-10-20-10-2-1,5,0.017504200019175187,16,0,16,6487,5.111631975014461,0.06674686702899635,1625.0,19,0,CAL,6,completed,True,1625.0
history_rule,warehouse-10-20-10-2-1__s03__n16,16,speed_shift,episodes/CAL/warehouse-10-20-10-2-1__s03__n16__speed_shift/history_rule/episode.json,23bcfb2361c698f310493dbec75f504309f6d4b664f2b563160103234d1fd6ba,3.0174832369957585,warehouse-10-20-10-2-1__s03,276.0,warehouse-10-20-10-2-1,4,0.01388072595000267,16,0,9,3620,5.102508435084019,0.06615266494918615,1625.0,19,0,CAL,3,completed,True,1625.0
learned_query,warehouse-10-20-10-2-1__s03__n16,16,speed_shift,episodes/CAL/warehouse-10-20-10-2-1__s03__n16__speed_shift/learned_query/episode.json,e640266fe749d228b8a47f580fdce405f11be9049ca43f0b3791b116b7c0dabb,4.167295899998862,warehouse-10-20-10-2-1__s03,276.0,warehouse-10-20-10-2-1,7,0.02446184802101925,16,0,16,6490,5.103723838983569,0.06602300799568184,1625.0,19,0,CAL,2,completed,True,1625.0
dense_position,warehouse-10-20-10-2-1__s03__n16,16,speed_shift,episodes/CAL/warehouse-10-20-10-2-1__s03__n16__speed_shift/dense_position/episode.json,8b0fca7f4ab1320fd0f229bf4dad785c5d33f3e4c07d8601e92f6f294b1cf43e,8.733662460988853,warehouse-10-20-10-2-1__s03,276.0,warehouse-10-20-10-2-1,19,0.06664405597257428,16,0,108,44039,5.024345751968212,0.06664405597257428,1625.0,19,0,CAL,31,completed,True,1625.0
history_only,warehouse-10-20-10-2-1__s03__n32,32,stable,episodes/CAL/warehouse-10-20-10-2-1__s03__n32__stable/history_only/episode.json,0c8c729672582d5d056a71dfba9b6ae987c39545245a099f10079da337208239,12.428953436989104,warehouse-10-20-10-2-1__s03,167.0,warehouse-10-20-10-2-1,11,0.13806702301371843,32,0,0,0,7.126579256088007,0.13806702301371843,2539.0,11,0,CAL,0,completed,True,2539.0
fixed_update,warehouse-10-20-10-2-1__s03__n32,32,stable,episodes/CAL/warehouse-10-20-10-2-1__s03__n32__stable/fixed_update/episode.json,e2d6475878a2b5b12a59f07d8dc3fe22ef79152f890a826d024f5425ff9c5b0b,2.2840359499969054,warehouse-10-20-10-2-1__s03,167.0,warehouse-10-20-10-2-1,0,0.0,32,0,32,13006,7.126579256088007,0.13806702301371843,2539.0,11,0,CAL,12,completed,True,2539.0
history_rule,warehouse-10-20-10-2-1__s03__n32,32,stable,episodes/CAL/warehouse-10-20-10-2-1__s03__n32__stable/history_rule/episode.json,c3149aca3550f63c71bbeaa07651efcf329cab9ceb018e53860e0c3eb2bdf3c0,2.310304075013846,warehouse-10-20-10-2-1__s03,167.0,warehouse-10-20-10-2-1,0,0.0,32,0,22,8883,7.126579256088007,0.13806702301371843,2539.0,11,0,CAL,12,completed,True,2539.0
learned_query,warehouse-10-20-10-2-1__s03__n32,32,stable,episodes/CAL/warehouse-10-20-10-2-1__s03__n32__stable/learned_query/episode.json,505e0600d29cb0800ab1a242fd3192ade27cf740af85f2920913f7fcd80f65ed,2.2965034829976503,warehouse-10-20-10-2-1__s03,167.0,warehouse-10-20-10-2-1,0,0.0,32,0,32,13002,7.126579256088007,0.13806702301371843,2539.0,11,0,CAL,12,completed,True,2539.0
dense_position,warehouse-10-20-10-2-1__s03__n32,32,stable,episodes/CAL/warehouse-10-20-10-2-1__s03__n32__stable/dense_position/episode.json,937327c747b0070e4485414c4422741869e8221fdae09c922c5a2605d45affcb,2.3122872020176146,warehouse-10-20-10-2-1__s03,167.0,warehouse-10-20-10-2-1,0,0.0,32,0,167,68231,7.126579256088007,0.13806702301371843,2539.0,11,0,CAL,82,completed,True,2539.0
history_only,warehouse-10-20-10-2-1__s03__n32,32,bounded_pause,episodes/CAL/warehouse-10-20-10-2-1__s03__n32__bounded_pause/history_only/episode.json,ee3a80c5b029d3b8b5c46ac393d7848d9abade13f79910e1a7a3939f9c8fd7d5,24.00475473300321,warehouse-10-20-10-2-1__s03,299.0,warehouse-10-20-10-2-1,21,0.4197356780641712,32,0,0,0,13.712549309042515,0.4197356780641712,3939.7500000000005,21,0,CAL,0,completed,True,3939.7500000000005
fixed_update,warehouse-10-20-10-2-1__s03__n32,32,bounded_pause,episodes/CAL/warehouse-10-20-10-2-1__s03__n32__bounded_pause/fixed_update/episode.json,7d26f40e8f5a15f0ab1a71623bcef30bec840118f5e857e2d6e6a1743f6ef116,11.92348385200603,warehouse-10-20-10-2-1__s03,299.0,warehouse-10-20-10-2-1,8,0.22781787102576345,32,0,32,13072,13.723558842000784,0.4215238650504034,3939.7500000000005,21,0,CAL,8,completed,True,3939.7500000000005
history_rule,warehouse-10-20-10-2-1__s03__n32,32,bounded_pause,episodes/CAL/warehouse-10-20-10-2-1__s03__n32__bounded_pause/history_rule/episode.json,89e70ddc0f41bb6651f06d4d6ded5ce4aaad58a20dfafe0b47d43b8fde304a63,16.657164450996788,warehouse-10-20-10-2-1__s03,299.0,warehouse-10-20-10-2-1,13,0.3219697170134168,32,0,32,13138,13.712886811990757,0.4252139590389561,3939.7500000000005,21,0,CAL,6,completed,True,3939.7500000000005
learned_query,warehouse-10-20-10-2-1__s03__n32,32,bounded_pause,episodes/CAL/warehouse-10-20-10-2-1__s03__n32__bounded_pause/learned_query/episode.json,e1ed48f6fcff7f9459f6412201ce0d34f57624b7b72ebed7bbaf983876db6a8e,12.02086882898584,warehouse-10-20-10-2-1__s03,299.0,warehouse-10-20-10-2-1,8,0.23109766797279008,32,0,32,13028,13.750126456056023,0.42480366199743,3939.7500000000005,21,0,CAL,9,completed,True,3939.7500000000005
dense_position,warehouse-10-20-10-2-1__s03__n32,32,bounded_pause,episodes/CAL/warehouse-10-20-10-2-1__s03__n32__bounded_pause/dense_position/episode.json,0f6c2313c7dfa64918b5a72694f955f26166271e6c6a3f4deb6a0efdd41012e4,24.382304189988645,warehouse-10-20-10-2-1__s03,299.0,warehouse-10-20-10-2-1,21,0.44188227588892914,32,0,256,105135,13.845365211047465,0.44188227588892914,3939.7500000000005,21,0,CAL,63,completed,True,3939.7500000000005
history_only,warehouse-10-20-10-2-1__s03__n32,32,speed_shift,episodes/CAL/warehouse-10-20-10-2-1__s03__n32__speed_shift/history_only/episode.json,612a180c703563b18c3d48fd425bd762e65bea1c882c1006c37468ec0f4ac6f4,23.078012562997174,warehouse-10-20-10-2-1__s03,279.75,warehouse-10-20-10-2-1,20,0.35465887797181495,32,0,0,0,13.185566232918063,0.35465887797181495,3693.416666666667,20,0,CAL,0,completed,True,3693.416666666667
fixed_update,warehouse-10-20-10-2-1__s03__n32,32,speed_shift,episodes/CAL/warehouse-10-20-10-2-1__s03__n32__speed_shift/fixed_update/episode.json,6c8b78f782d65e5fe25ffb938dad2efc9a3ebf249b71d9d59781476389940429,8.951232974999584,warehouse-10-20-10-2-1__s03,279.75,warehouse-10-20-10-2-1,5,0.13575766602298245,32,0,32,13003,13.209166579967132,0.35297781400731765,3693.416666666667,20,0,CAL,11,completed,True,3693.416666666667
history_rule,warehouse-10-20-10-2-1__s03__n32,32,speed_shift,episodes/CAL/warehouse-10-20-10-2-1__s03__n32__speed_shift/history_rule/episode.json,2f95ef4749161a025cd10fc78b2b7117ed422f11d1c9d24a9b714ca963a84cae,13.72052472899668,warehouse-10-20-10-2-1__s03,279.75,warehouse-10-20-10-2-1,10,0.2212614310265053,32,0,32,12981,13.189144731033593,0.3488453880418092,3693.416666666667,20,0,CAL,9,completed,True,3693.416666666667
learned_query,warehouse-10-20-10-2-1__s03__n32,32,speed_shift,episodes/CAL/warehouse-10-20-10-2-1__s03__n32__speed_shift/learned_query/episode.json,9c09bf3fc5a1718b38943aa9f498efc54ea276b9e6d0b296805e77e59592a2a8,9.91024606800056,warehouse-10-20-10-2-1__s03,279.75,warehouse-10-20-10-2-1,6,0.14422973999171518,32,0,32,13029,13.226210980064934,0.3529500629811082,3693.416666666667,20,0,CAL,10,completed,True,3693.416666666667
dense_position,warehouse-10-20-10-2-1__s03__n32,32,speed_shift,episodes/CAL/warehouse-10-20-10-2-1__s03__n32__speed_shift/dense_position/episode.json,befd89a784d060810a8ec60b708092db07799a4f1f61e7ed6836b10a5a376747,23.236846315994626,warehouse-10-20-10-2-1__s03,279.75,warehouse-10-20-10-2-1,20,0.3529573348641861,32,0,243,99571,13.248294477059972,0.3529573348641861,3693.416666666667,20,0,CAL,74,completed,True,3693.416666666667
history_only,warehouse-10-20-10-2-1__s04__n08,8,stable,episodes/TEST/warehouse-10-20-10-2-1__s04__n08__stable/history_only/episode.json,135cb533a9138f184bf719946650b7a1fcc31a9c03b7513b4bf67b80248e64da,1.9671163230086677,warehouse-10-20-10-2-1__s04,150.0,warehouse-10-20-10-2-1,11,0.02156253799330443,8,0,0,0,1.1555655550619122,0.02156253799330443,455.0,11,0,TEST,0,completed,True,455.0
fixed_update,warehouse-10-20-10-2-1__s04__n08,8,stable,episodes/TEST/warehouse-10-20-10-2-1__s04__n08__stable/fixed_update/episode.json,09ad571fb2f639a77e66e2d02c496f0fdb0583f0f88a553a6f66c8a90213c5e2,0.3266525100043509,warehouse-10-20-10-2-1__s04,150.0,warehouse-10-20-10-2-1,0,0.0,8,0,8,2987,1.1555655550619122,0.02156253799330443,455.0,11,0,TEST,0,completed,True,455.0
history_rule,warehouse-10-20-10-2-1__s04__n08,8,stable,episodes/TEST/warehouse-10-20-10-2-1__s04__n08__stable/history_rule/episode.json,6799c53d4ab509953b1c19bf26bb6a181ce5667ad68247bf3bdf57595f514687,0.3265254720172379,warehouse-10-20-10-2-1__s04,150.0,warehouse-10-20-10-2-1,0,0.0,8,0,0,0,1.1555655550619122,0.02156253799330443,455.0,11,0,TEST,0,completed,True,455.0
learned_query,warehouse-10-20-10-2-1__s04__n08,8,stable,episodes/TEST/warehouse-10-20-10-2-1__s04__n08__stable/learned_query/episode.json,4afb7fd5435907efa99ee52d19df268cc32b2f9e7da45fdf07ebacf835dacda3,0.32668635100708343,warehouse-10-20-10-2-1__s04,150.0,warehouse-10-20-10-2-1,0,0.0,8,0,8,2987,1.1555655550619122,0.02156253799330443,455.0,11,0,TEST,0,completed,True,455.0
dense_position,warehouse-10-20-10-2-1__s04__n08,8,stable,episodes/TEST/warehouse-10-20-10-2-1__s04__n08__stable/dense_position/episode.json,1316cb6b7b0af1a87db552f3729e620e56bddfb3e86cbacc430bd7efbacc7b1e,0.32435434698709287,warehouse-10-20-10-2-1__s04,150.0,warehouse-10-20-10-2-1,0,0.0,8,0,31,11600,1.1555655550619122,0.02156253799330443,455.0,11,0,TEST,0,completed,True,455.0
history_only,warehouse-10-20-10-2-1__s04__n08,8,bounded_pause,episodes/TEST/warehouse-10-20-10-2-1__s04__n08__bounded_pause/history_only/episode.json,0a0b23280bc159df680d4dad7b6e593b59be5fc7c45ae503d87060b9e8904878,2.963865411002189,warehouse-10-20-10-2-1__s04,150.0,warehouse-10-20-10-2-1,11,0.030096810980467126,8,0,0,0,2.1616682359890547,0.030096810980467126,467.0,11,0,TEST,0,completed,True,467.0
fixed_update,warehouse-10-20-10-2-1__s04__n08,8,bounded_pause,episodes/TEST/warehouse-10-20-10-2-1__s04__n08__bounded_pause/fixed_update/episode.json,a5e5b06408204d4b110d5a571b331da2955850d838d9687ae70e56edcdc9ac0e,0.32367764797527343,warehouse-10-20-10-2-1__s04,150.0,warehouse-10-20-10-2-1,0,0.0,8,0,8,2987,2.1616682359890547,0.030096810980467126,467.0,11,0,TEST,0,completed,True,467.0
history_rule,warehouse-10-20-10-2-1__s04__n08,8,bounded_pause,episodes/TEST/warehouse-10-20-10-2-1__s04__n08__bounded_pause/history_rule/episode.json,e242bcd9a51d35e9fb9b15c2d80df9547c9c2eeb8e50715bf5c3eda85a8a21bb,0.3239472239802126,warehouse-10-20-10-2-1__s04,150.0,warehouse-10-20-10-2-1,0,0.0,8,0,0,0,2.1616682359890547,0.030096810980467126,467.0,11,0,TEST,0,completed,True,467.0
learned_query,warehouse-10-20-10-2-1__s04__n08,8,bounded_pause,episodes/TEST/warehouse-10-20-10-2-1__s04__n08__bounded_pause/learned_query/episode.json,6eaa74bc8eb07852ab220810c56975f3d763050cde886713eac6b5e410749fbe,0.32468981901183724,warehouse-10-20-10-2-1__s04,150.0,warehouse-10-20-10-2-1,0,0.0,8,0,8,2987,2.1616682359890547,0.030096810980467126,467.0,11,0,TEST,0,completed,True,467.0
dense_position,warehouse-10-20-10-2-1__s04__n08,8,bounded_pause,episodes/TEST/warehouse-10-20-10-2-1__s04__n08__bounded_pause/dense_position/episode.json,d20da2dc261ca600fa4e1b19dec48f2e2225788beb9d57e982c6e981ac3a931b,0.4744159789988771,warehouse-10-20-10-2-1__s04,150.0,warehouse-10-20-10-2-1,1,0.001833736983826384,8,0,32,11973,1.1552560710115358,0.02264588396064937,467.0,11,0,TEST,0,completed,True,467.0
history_only,warehouse-10-20-10-2-1__s04__n08,8,speed_shift,episodes/TEST/warehouse-10-20-10-2-1__s04__n08__speed_shift/history_only/episode.json,9066ed47cf6a35da769c00ff2867a12fac3bda41899ff655e6882e25292b61d7,1.9753816500015091,warehouse-10-20-10-2-1__s04,150.0,warehouse-10-20-10-2-1,11,0.021382353035733104,8,0,0,0,1.1626309019338805,0.021382353035733104,472.0,11,0,TEST,0,completed,True,472.0
fixed_update,warehouse-10-20-10-2-1__s04__n08,8,speed_shift,episodes/TEST/warehouse-10-20-10-2-1__s04__n08__speed_shift/fixed_update/episode.json,7e546a40dfebab5e5ad2b7462ae49e518ca491af8f57bbe7c193283157a4f76c,0.47654748300556093,warehouse-10-20-10-2-1__s04,150.0,warehouse-10-20-10-2-1,1,0.001853019988629967,8,0,8,2988,1.163529461948201,0.021364848013035953,472.0,11,0,TEST,0,completed,True,472.0
history_rule,warehouse-10-20-10-2-1__s04__n08,8,speed_shift,episodes/TEST/warehouse-10-20-10-2-1__s04__n08__speed_shift/history_rule/episode.json,ca79a39d4271875075d244e164c6d08bcfbf7e01b865031d37c42ae81393e0bd,0.3271645730128512,warehouse-10-20-10-2-1__s04,150.0,warehouse-10-20-10-2-1,0,0.0,8,0,1,374,1.163529461948201,0.021364848013035953,472.0,11,0,TEST,0,completed,True,472.0
learned_query,warehouse-10-20-10-2-1__s04__n08,8,speed_shift,episodes/TEST/warehouse-10-20-10-2-1__s04__n08__speed_shift/learned_query/episode.json,53d42a94e9bb6d4066449dc7ef93ff8869b81d7f7150be90ca35b138ae3a6081,0.32779232098255306,warehouse-10-20-10-2-1__s04,150.0,warehouse-10-20-10-2-1,0,0.0,8,0,8,2987,1.1626309019338805,0.021382353035733104,472.0,11,0,TEST,0,completed,True,472.0
dense_position,warehouse-10-20-10-2-1__s04__n08,8,speed_shift,episodes/TEST/warehouse-10-20-10-2-1__s04__n08__speed_shift/dense_position/episode.json,b8355e239ad4264ba3b8d4e5070b084f9892d6b2b99b0b905311ac966a9f1743,0.6244843669992406,warehouse-10-20-10-2-1__s04,150.0,warehouse-10-20-10-2-1,2,0.003641777002485469,8,0,33,12350,1.1639539289462846,0.02117129700491205,472.0,11,0,TEST,0,completed,True,472.0
history_only,warehouse-10-20-10-2-1__s04__n16,16,stable,episodes/TEST/warehouse-10-20-10-2-1__s04__n16__stable/history_only/episode.json,fd9e38366b5abb438b4a4d9f16db0b0c0968a9b2191c6712c319e9f11f2d1400,4.434347820992116,warehouse-10-20-10-2-1__s04,162.0,warehouse-10-20-10-2-1,11,0.033682316017802805,16,0,0,0,2.5718785589560866,0.033682316017802805,1016.0,11,0,TEST,0,completed,True,1016.0
fixed_update,warehouse-10-20-10-2-1__s04__n16,16,stable,episodes/TEST/warehouse-10-20-10-2-1__s04__n16__stable/fixed_update/episode.json,a84ddaeb248c03d109197d9d42e6e1587ceb7adb9133c04de3107bd5e523948b,0.767575587000465,warehouse-10-20-10-2-1__s04,162.0,warehouse-10-20-10-2-1,0,0.0,16,0,16,5994,2.5718785589560866,0.033682316017802805,1016.0,11,0,TEST,0,completed,True,1016.0
history_rule,warehouse-10-20-10-2-1__s04__n16,16,stable,episodes/TEST/warehouse-10-20-10-2-1__s04__n16__stable/history_rule/episode.json,a496a6d90d5145b49d43369756f935f4ba727a985e0abfc47855cebfb0eb2e61,0.7617943870136514,warehouse-10-20-10-2-1__s04,162.0,warehouse-10-20-10-2-1,0,0.0,16,0,1,375,2.5718785589560866,0.033682316017802805,1016.0,11,0,TEST,0,completed,True,1016.0
learned_query,warehouse-10-20-10-2-1__s04__n16,16,stable,episodes/TEST/warehouse-10-20-10-2-1__s04__n16__stable/learned_query/episode.json,ceae66ac110061b0893498f161d8db6fcd8b2a9784faa99ad0c4490ca216dc42,0.7469654839951545,warehouse-10-20-10-2-1__s04,162.0,warehouse-10-20-10-2-1,0,0.0,16,0,16,5992,2.5718785589560866,0.033682316017802805,1016.0,11,0,TEST,0,completed,True,1016.0
dense_position,warehouse-10-20-10-2-1__s04__n16,16,stable,episodes/TEST/warehouse-10-20-10-2-1__s04__n16__stable/dense_position/episode.json,a34306ace0aaa2c7c50fbb399b1ab5a2fa1c34acc94b1e313c16da78a640db38,0.7549385570164304,warehouse-10-20-10-2-1__s04,162.0,warehouse-10-20-10-2-1,0,0.0,16,0,65,24393,2.5718785589560866,0.033682316017802805,1016.0,11,0,TEST,0,completed,True,1016.0
history_only,warehouse-10-20-10-2-1__s04__n16,16,bounded_pause,episodes/TEST/warehouse-10-20-10-2-1__s04__n16__bounded_pause/history_only/episode.json,ca6af92025787a705aa561c2ca956a60c5953869fe33fc4300018ce48ac347c6,4.864045238995459,warehouse-10-20-10-2-1__s04,172.0,warehouse-10-20-10-2-1,12,0.03630729005089961,16,0,0,0,2.833093909051968,0.03630729005089961,1139.0,12,0,TEST,0,completed,True,1139.0
fixed_update,warehouse-10-20-10-2-1__s04__n16,16,bounded_pause,episodes/TEST/warehouse-10-20-10-2-1__s04__n16__bounded_pause/fixed_update/episode.json,47e0e17fc804ab7a619c187ce8af26a0b28c5c0908215c252e2b0363a2d2945a,1.520462270011194,warehouse-10-20-10-2-1__s04,172.0,warehouse-10-20-10-2-1,2,0.005952323001110926,16,0,16,6009,2.84078237801441,0.03613487002439797,1139.0,12,0,TEST,0,completed,True,1139.0
history_rule,warehouse-10-20-10-2-1__s04__n16,16,bounded_pause,episodes/TEST/warehouse-10-20-10-2-1__s04__n16__bounded_pause/history_rule/episode.json,5f364002982feed0ede8d1cc97bb11d2591cec65e633756494bb3c921a9d4651,0.8288271840137895,warehouse-10-20-10-2-1__s04,172.0,warehouse-10-20-10-2-1,0,0.0,16,0,2,750,2.833093909051968,0.03630729005089961,1139.0,12,0,TEST,0,completed,True,1139.0
learned_query,warehouse-10-20-10-2-1__s04__n16,16,bounded_pause,episodes/TEST/warehouse-10-20-10-2-1__s04__n16__bounded_pause/learned_query/episode.json,8d910ac838b4e86f17fe78ac04d7de2e04d1d9bba19f0fb69d28428be36b1027,0.8386144139803946,warehouse-10-20-10-2-1__s04,172.0,warehouse-10-20-10-2-1,0,0.0,16,0,16,5988,2.833093909051968,0.03630729005089961,1139.0,12,0,TEST,0,completed,True,1139.0
dense_position,warehouse-10-20-10-2-1__s04__n16,16,bounded_pause,episodes/TEST/warehouse-10-20-10-2-1__s04__n16__bounded_pause/dense_position/episode.json,0c28cd7a8775d6b321e9191b623c505c9d8ce2f90a670795498e53f4742fb375,2.8264801840123255,warehouse-10-20-10-2-1__s04,172.0,warehouse-10-20-10-2-1,6,0.01822900600382127,16,0,75,28263,2.8269421920122113,0.03633997999713756,1139.0,12,0,TEST,0,completed,True,1139.0
history_only,warehouse-10-20-10-2-1__s04__n16,16,speed_shift,episodes/TEST/warehouse-10-20-10-2-1__s04__n16__speed_shift/history_only/episode.json,e71fb974906c339f07d1ac4562edc019995543d36c3475cbb603c39e510f9e4b,4.467824930994539,warehouse-10-20-10-2-1__s04,162.0,warehouse-10-20-10-2-1,11,0.03309774401714094,16,0,0,0,2.5926421609765384,0.03309774401714094,1113.0,11,0,TEST,0,completed,True,1113.0
fixed_update,warehouse-10-20-10-2-1__s04__n16,16,speed_shift,episodes/TEST/warehouse-10-20-10-2-1__s04__n16__speed_shift/fixed_update/episode.json,a60e7c7e91aa5df90466c6e9a47eb10dd9f176c8feb22cdc81c8c6a6113dc613,1.430792838014895,warehouse-10-20-10-2-1__s04,162.0,warehouse-10-20-10-2-1,2,0.0059777080023195595,16,0,16,5995,2.582388471986633,0.03302625901415013,1113.0,11,0,TEST,0,completed,True,1113.0
history_rule,warehouse-10-20-10-2-1__s04__n16,16,speed_shift,episodes/TEST/warehouse-10-20-10-2-1__s04__n16__speed_shift/history_rule/episode.json,08e3fc436446e9449f1808de87ae314cab94ff6db88173e74881c6b628b50d15,0.7661754049768206,warehouse-10-20-10-2-1__s04,162.0,warehouse-10-20-10-2-1,0,0.0,16,0,1,375,2.5926421609765384,0.03309774401714094,1113.0,11,0,TEST,0,completed,True,1113.0
learned_query,warehouse-10-20-10-2-1__s04__n16,16,speed_shift,episodes/TEST/warehouse-10-20-10-2-1__s04__n16__speed_shift/learned_query/episode.json,b7e65915b7583aec628f6b9b1f2437d21df5f018342eae6768e569fe31eab8e0,1.423784610000439,warehouse-10-20-10-2-1__s04,162.0,warehouse-10-20-10-2-1,2,0.006014952989062294,16,0,16,5991,2.5836269789433572,0.03308242402272299,1113.0,11,0,TEST,0,completed,True,1113.0
dense_position,warehouse-10-20-10-2-1__s04__n16,16,speed_shift,episodes/TEST/warehouse-10-20-10-2-1__s04__n16__speed_shift/dense_position/episode.json,cc78258c2db5956968631f5022c85075abaa017bfb127083ec03d8ebb3abcbc8,3.406927464006003,warehouse-10-20-10-2-1__s04,162.0,warehouse-10-20-10-2-1,8,0.024305900995386764,16,0,74,27787,2.5553120070544537,0.03329252000548877,1113.0,11,0,TEST,0,completed,True,1113.0
history_only,warehouse-10-20-10-2-1__s04__n32,32,stable,episodes/TEST/warehouse-10-20-10-2-1__s04__n32__stable/history_only/episode.json,9b85f90aa92bd239ed99363f33717cff53b67db894c9349fd9429bd6cf12cb0e,13.142116773000453,warehouse-10-20-10-2-1__s04,184.0,warehouse-10-20-10-2-1,11,0.08090317904134281,32,0,0,0,7.482162512053037,0.08090317904134281,2623.0,11,0,TEST,0,completed,True,2623.0
fixed_update,warehouse-10-20-10-2-1__s04__n32,32,stable,episodes/TEST/warehouse-10-20-10-2-1__s04__n32__stable/fixed_update/episode.json,27999a46f794bca42b9162fb387bfe1508c404a0e938ea578fa250a3ab03c4c2,2.4251769130059984,warehouse-10-20-10-2-1__s04,184.0,warehouse-10-20-10-2-1,0,0.0,32,0,32,13018,7.482162512053037,0.08090317904134281,2623.0,11,0,TEST,0,completed,True,2623.0
history_rule,warehouse-10-20-10-2-1__s04__n32,32,stable,episodes/TEST/warehouse-10-20-10-2-1__s04__n32__stable/history_rule/episode.json,76c683d43ab519898ae446aabc52d4dace26ab29e40fcc1e9fff15d90bf3b0a6,2.436151184985647,warehouse-10-20-10-2-1__s04,184.0,warehouse-10-20-10-2-1,0,0.0,32,0,22,8961,7.482162512053037,0.08090317904134281,2623.0,11,0,TEST,0,completed,True,2623.0
learned_query,warehouse-10-20-10-2-1__s04__n32,32,stable,episodes/TEST/warehouse-10-20-10-2-1__s04__n32__stable/learned_query/episode.json,911b69efba11bb21f7ee2c042f780e9eab7616c189123d60ec3bdda15e00482d,2.4530384560057428,warehouse-10-20-10-2-1__s04,184.0,warehouse-10-20-10-2-1,0,0.0,32,0,32,13004,7.482162512053037,0.08090317904134281,2623.0,11,0,TEST,0,completed,True,2623.0
dense_position,warehouse-10-20-10-2-1__s04__n32,32,stable,episodes/TEST/warehouse-10-20-10-2-1__s04__n32__stable/dense_position/episode.json,85a40747ea9bb26cb65d0d1305920d4acc154aea942ad50a5d8136ab0241243e,2.4021228660130873,warehouse-10-20-10-2-1__s04,184.0,warehouse-10-20-10-2-1,0,0.0,32,0,154,62715,7.482162512053037,0.08090317904134281,2623.0,11,0,TEST,0,completed,True,2623.0
history_only,warehouse-10-20-10-2-1__s04__n32,32,bounded_pause,episodes/TEST/warehouse-10-20-10-2-1__s04__n32__bounded_pause/history_only/episode.json,3208a7ce61ca59bc3ba3fdde69a3cb78ba63fac6ea5862f678d227409029edac,22.415276473009726,warehouse-10-20-10-2-1__s04,305.0,warehouse-10-20-10-2-1,19,0.3986166609392967,32,0,0,0,12.843552536942298,0.3986166609392967,3646.75,19,0,TEST,0,completed,True,3646.75
fixed_update,warehouse-10-20-10-2-1__s04__n32,32,bounded_pause,episodes/TEST/warehouse-10-20-10-2-1__s04__n32__bounded_pause/fixed_update/episode.json,3adcfa4eaaeff5f54072db1ea64f59d9ee0d85aa8878f05f8d80ca4043ce1d67,11.064893366012257,warehouse-10-20-10-2-1__s04,305.0,warehouse-10-20-10-2-1,7,0.2409311140072532,32,0,32,13059,12.842010403022869,0.4008001970069017,3646.75,19,0,TEST,0,completed,True,3646.75
history_rule,warehouse-10-20-10-2-1__s04__n32,32,bounded_pause,episodes/TEST/warehouse-10-20-10-2-1__s04__n32__bounded_pause/history_rule/episode.json,4b40e0a47d5a12ab06d19986e9ca8f1bdde470acd3a1e31d7a4a94133df59b0d,13.963332123006694,warehouse-10-20-10-2-1__s04,305.0,warehouse-10-20-10-2-1,10,0.23656276799738407,32,0,31,12676,12.885553159954725,0.3961812909983564,3646.75,19,0,TEST,0,completed,True,3646.75
learned_query,warehouse-10-20-10-2-1__s04__n32,32,bounded_pause,episodes/TEST/warehouse-10-20-10-2-1__s04__n32__bounded_pause/learned_query/episode.json,c6fa2e56181f9883130a943f81f26001553e409fe1fec0a4c268f43d75b6552b,8.35939654899994,warehouse-10-20-10-2-1__s04,305.0,warehouse-10-20-10-2-1,4,0.19390242800000124,32,0,32,13003,12.894902650936274,0.3952396579552442,3646.75,19,0,TEST,0,completed,True,3646.75
dense_position,warehouse-10-20-10-2-1__s04__n32,32,bounded_pause,episodes/TEST/warehouse-10-20-10-2-1__s04__n32__bounded_pause/dense_position/episode.json,bf0760c434a2c3900dedb561e9bacae50aecd2df7a1285adcbc7639ca1674167,20.823607936996268,warehouse-10-20-10-2-1__s04,305.0,warehouse-10-20-10-2-1,17,0.38843531598104164,32,0,209,85261,12.967056855995907,0.40285501099424437,3646.75,19,0,TEST,0,completed,True,3646.75
history_only,warehouse-10-20-10-2-1__s04__n32,32,speed_shift,episodes/TEST/warehouse-10-20-10-2-1__s04__n32__speed_shift/history_only/episode.json,119672fe45f7dfb4f3bf7d0de331436d4232e2ef87c2774c7a407ff66214dd13,22.652036110986955,warehouse-10-20-10-2-1__s04,304.0,warehouse-10-20-10-2-1,19,0.3278678260103334,32,0,0,0,12.93538449704647,0.3278678260103334,3417.8333333333335,19,0,TEST,0,completed,True,3417.8333333333335
fixed_update,warehouse-10-20-10-2-1__s04__n32,32,speed_shift,episodes/TEST/warehouse-10-20-10-2-1__s04__n32__speed_shift/fixed_update/episode.json,24893f1353d21777ef5011e8284fa516f98f76b541522125b7873774ceea9fac,8.318003718013642,warehouse-10-20-10-2-1__s04,304.0,warehouse-10-20-10-2-1,4,0.11780767297022976,32,0,32,13016,13.004078951023985,0.330411885981448,3417.8333333333335,19,0,TEST,0,completed,True,3417.8333333333335
history_rule,warehouse-10-20-10-2-1__s04__n32,32,speed_shift,episodes/TEST/warehouse-10-20-10-2-1__s04__n32__speed_shift/history_rule/episode.json,421c326ac0de9b14e1abeb5efe0ef7f2db127734a1677bfdac9d8c4c3e3cec57,11.932977958989795,warehouse-10-20-10-2-1__s04,304.0,warehouse-10-20-10-2-1,8,0.24290152001776733,32,0,29,11723,12.90619232095196,0.32411246601259336,3417.8333333333335,19,0,TEST,0,completed,True,3417.8333333333335
learned_query,warehouse-10-20-10-2-1__s04__n32,32,speed_shift,episodes/TEST/warehouse-10-20-10-2-1__s04__n32__speed_shift/learned_query/episode.json,6240db3965af6a7e61a6ad4617ea272d785e881e9ac9fc49c4103af62938cdc2,7.999991263000993,warehouse-10-20-10-2-1__s04,304.0,warehouse-10-20-10-2-1,4,0.16972285701194778,32,0,32,12999,12.914695098035736,0.3250705550017301,3417.8333333333335,19,0,TEST,0,completed,True,3417.8333333333335
dense_position,warehouse-10-20-10-2-1__s04__n32,32,speed_shift,episodes/TEST/warehouse-10-20-10-2-1__s04__n32__speed_shift/dense_position/episode.json,a294ee8633a4344bfbf62ff3ffc25d841015835586397343b6cb0f4a0449f72f,18.640243558998918,warehouse-10-20-10-2-1__s04,304.0,warehouse-10-20-10-2-1,15,0.2494096689624712,32,0,198,80487,12.953255672066007,0.32317755997064523,3417.8333333333335,19,0,TEST,0,completed,True,3417.8333333333335
history_only,warehouse-10-20-10-2-1__s05__n08,8,stable,episodes/TEST/warehouse-10-20-10-2-1__s05__n08__stable/history_only/episode.json,39a31501862ddeb9ea827d396364fb7008d70d8cae1b1f73c9e6603270f4f3ab,2.2339139679970685,warehouse-10-20-10-2-1__s05,145.0,warehouse-10-20-10-2-1,11,0.02255836405674927,8,0,0,0,1.296417809004197,0.02255836405674927,514.0,11,0,TEST,0,completed,True,514.0
fixed_update,warehouse-10-20-10-2-1__s05__n08,8,stable,episodes/TEST/warehouse-10-20-10-2-1__s05__n08__stable/fixed_update/episode.json,4b757f6708d3fb8e8a33ffab844ce730435af78987c71e58b554cc428e85ec6e,0.3753675369953271,warehouse-10-20-10-2-1__s05,145.0,warehouse-10-20-10-2-1,0,0.0,8,0,8,3233,1.296417809004197,0.02255836405674927,514.0,11,0,TEST,0,completed,True,514.0
history_rule,warehouse-10-20-10-2-1__s05__n08,8,stable,episodes/TEST/warehouse-10-20-10-2-1__s05__n08__stable/history_rule/episode.json,8071b459edfbdd012cb1c66c64dc600ebb13d269b149e06b66bed9ad7e41a78d,0.3788708110223524,warehouse-10-20-10-2-1__s05,145.0,warehouse-10-20-10-2-1,0,0.0,8,0,1,374,1.296417809004197,0.02255836405674927,514.0,11,0,TEST,0,completed,True,514.0
learned_query,warehouse-10-20-10-2-1__s05__n08,8,stable,episodes/TEST/warehouse-10-20-10-2-1__s05__n08__stable/learned_query/episode.json,6470da3f66e560fc5f36b907f8be2eddade7fd425f6fe6d9d0eef8dcbb34d716,0.37257496899110265,warehouse-10-20-10-2-1__s05,145.0,warehouse-10-20-10-2-1,0,0.0,8,0,8,3233,1.296417809004197,0.02255836405674927,514.0,11,0,TEST,0,completed,True,514.0
dense_position,warehouse-10-20-10-2-1__s05__n08,8,stable,episodes/TEST/warehouse-10-20-10-2-1__s05__n08__stable/dense_position/episode.json,2de7b6a07d520c9284bb7aea326d62a057a4aa2d819c4079e9b1269c5d7f09f2,0.37801163099356927,warehouse-10-20-10-2-1__s05,145.0,warehouse-10-20-10-2-1,0,0.0,8,0,37,15096,1.296417809004197,0.02255836405674927,514.0,11,0,TEST,6,completed,True,514.0
history_only,warehouse-10-20-10-2-1__s05__n08,8,bounded_pause,episodes/TEST/warehouse-10-20-10-2-1__s05__n08__bounded_pause/history_only/episode.json,cea0527fc852fb9e8697047fa120811614b2f80dae7928d5e3e714c7e34a969a,4.546211445005611,warehouse-10-20-10-2-1__s05,269.0,warehouse-10-20-10-2-1,22,0.04550425009801984,8,0,0,0,2.5988584099686705,0.04550425009801984,724.0,22,0,TEST,0,completed,True,724.0
fixed_update,warehouse-10-20-10-2-1__s05__n08,8,bounded_pause,episodes/TEST/warehouse-10-20-10-2-1__s05__n08__bounded_pause/fixed_update/episode.json,0cc1e990881ee4308d163aa23c9e6817d842e87ff4638014dfff65598b16c979,1.7860438439820427,warehouse-10-20-10-2-1__s05,269.0,warehouse-10-20-10-2-1,6,0.012709078000625595,8,0,8,3262,2.5948744749475736,0.04570777708431706,724.0,22,0,TEST,0,completed,True,724.0
history_rule,warehouse-10-20-10-2-1__s05__n08,8,bounded_pause,episodes/TEST/warehouse-10-20-10-2-1__s05__n08__bounded_pause/history_rule/episode.json,2c2f2df28da76e21055ea93e390f20412bd555403a0fd1c8def36be1033a1a49,0.7604557209997438,warehouse-10-20-10-2-1__s05,269.0,warehouse-10-20-10-2-1,0,0.0,8,0,1,374,2.5988584099686705,0.04550425009801984,724.0,22,0,TEST,0,completed,True,724.0
learned_query,warehouse-10-20-10-2-1__s05__n08,8,bounded_pause,episodes/TEST/warehouse-10-20-10-2-1__s05__n08__bounded_pause/learned_query/episode.json,bd0764ef1a7a594d2a9819dedbce3de4d8042cc9c9a9370a15a36a5a5382e5fa,0.7548991189978551,warehouse-10-20-10-2-1__s05,269.0,warehouse-10-20-10-2-1,0,0.0,8,0,8,3233,2.598330974957207,0.04545439608045854,724.0,22,0,TEST,0,completed,True,724.0
dense_position,warehouse-10-20-10-2-1__s05__n08,8,bounded_pause,episodes/TEST/warehouse-10-20-10-2-1__s05__n08__bounded_pause/dense_position/episode.json,984217ef41f62c36d8d095debafcc93e4e611bbf4ce748264cce1de640b25fd7,3.843469056999311,warehouse-10-20-10-2-1__s05,269.0,warehouse-10-20-10-2-1,18,0.03679172892589122,8,0,56,22895,2.6100351159693673,0.04503547493368387,724.0,22,0,TEST,6,completed,True,724.0
history_only,warehouse-10-20-10-2-1__s05__n08,8,speed_shift,episodes/TEST/warehouse-10-20-10-2-1__s05__n08__speed_shift/history_only/episode.json,601c409e33f9cde313f951b39b6524f3d519ef6264ca54ba6ff8eff9b8cfe42e,3.8906956749851815,warehouse-10-20-10-2-1__s05,236.0,warehouse-10-20-10-2-1,19,0.03941428291727789,8,0,0,0,2.2518354400235694,0.03941428291727789,682.0,19,0,TEST,0,completed,True,682.0
fixed_update,warehouse-10-20-10-2-1__s05__n08,8,speed_shift,episodes/TEST/warehouse-10-20-10-2-1__s05__n08__speed_shift/fixed_update/episode.json,671f2f3686c58c4c15ee1aa3308692f8932ea870809bd9ba989e6128fb840959,1.504101415979676,warehouse-10-20-10-2-1__s05,236.0,warehouse-10-20-10-2-1,5,0.010223110963124782,8,0,8,3235,2.254824067960726,0.03947131591849029,682.0,19,0,TEST,0,completed,True,682.0
history_rule,warehouse-10-20-10-2-1__s05__n08,8,speed_shift,episodes/TEST/warehouse-10-20-10-2-1__s05__n08__speed_shift/history_rule/episode.json,035c8d09e29a6c5e8db237cbb944aca895eedafbced91d1dce78d3b9a7e653fa,0.8181326389894821,warehouse-10-20-10-2-1__s05,236.0,warehouse-10-20-10-2-1,1,0.0021756930218543857,8,0,1,375,2.2521102060272824,0.039504908956587315,682.0,19,0,TEST,0,completed,True,682.0
learned_query,warehouse-10-20-10-2-1__s05__n08,8,speed_shift,episodes/TEST/warehouse-10-20-10-2-1__s05__n08__speed_shift/learned_query/episode.json,dcbcc4d1a672ef6dcfb2e40de53847a023c9bb62bb5b9b1beb104ada5bade068,0.8170925110171083,warehouse-10-20-10-2-1__s05,236.0,warehouse-10-20-10-2-1,1,0.002017630002228543,8,0,8,3234,2.2548343889939133,0.039241895952727646,682.0,19,0,TEST,0,completed,True,682.0
dense_position,warehouse-10-20-10-2-1__s05__n08,8,speed_shift,episodes/TEST/warehouse-10-20-10-2-1__s05__n08__speed_shift/dense_position/episode.json,235c19d4d0edc1db29fdb67ccc416fb7e535e82f268e7992d152fc63f17d6ec1,3.914505520981038,warehouse-10-20-10-2-1__s05,236.0,warehouse-10-20-10-2-1,19,0.03876722394488752,8,0,52,21179,2.285296731017297,0.03876722394488752,682.0,19,0,TEST,3,completed,True,682.0
history_only,warehouse-10-20-10-2-1__s05__n16,16,stable,episodes/TEST/warehouse-10-20-10-2-1__s05__n16__stable/history_only/episode.json,1bd71c63a429a8f947db960c0eb440f3b70b7631e497138610fd7ae85ae5b4be,4.898216269008117,warehouse-10-20-10-2-1__s05,152.0,warehouse-10-20-10-2-1,11,0.03881772901513614,16,0,0,0,2.8091073039977346,0.03881772901513614,1049.0,11,0,TEST,0,completed,True,1049.0
fixed_update,warehouse-10-20-10-2-1__s05__n16,16,stable,episodes/TEST/warehouse-10-20-10-2-1__s05__n16__stable/fixed_update/episode.json,b278b5355f8fa2c21cc8c00878766ac1b38c9822f6be14427323f6762590d6d9,0.8567149660084397,warehouse-10-20-10-2-1__s05,152.0,warehouse-10-20-10-2-1,0,0.0,16,0,16,6484,2.8091073039977346,0.03881772901513614,1049.0,11,0,TEST,0,completed,True,1049.0
history_rule,warehouse-10-20-10-2-1__s05__n16,16,stable,episodes/TEST/warehouse-10-20-10-2-1__s05__n16__stable/history_rule/episode.json,11f53e9c2a3d136e81d0f274a6b150278819565721ded1f120ba608ce04ac218,0.857678867992945,warehouse-10-20-10-2-1__s05,152.0,warehouse-10-20-10-2-1,0,0.0,16,0,8,3250,2.8091073039977346,0.03881772901513614,1049.0,11,0,TEST,0,completed,True,1049.0
learned_query,warehouse-10-20-10-2-1__s05__n16,16,stable,episodes/TEST/warehouse-10-20-10-2-1__s05__n16__stable/learned_query/episode.json,53c720c5085ba6145bd932ce9ce45075bb27eb05503244042213fd9930348c04,0.8463068190030754,warehouse-10-20-10-2-1__s05,152.0,warehouse-10-20-10-2-1,0,0.0,16,0,16,6488,2.8091073039977346,0.03881772901513614,1049.0,11,0,TEST,0,completed,True,1049.0
dense_position,warehouse-10-20-10-2-1__s05__n16,16,stable,episodes/TEST/warehouse-10-20-10-2-1__s05__n16__stable/dense_position/episode.json,16f3e30214217b7d02ed3bd0a52429db303705fa3dd4508c11b9f0814972262b,0.8506716490082908,warehouse-10-20-10-2-1__s05,152.0,warehouse-10-20-10-2-1,0,0.0,16,0,74,30047,2.8091073039977346,0.03881772901513614,1049.0,11,0,TEST,0,completed,True,1049.0
history_only,warehouse-10-20-10-2-1__s05__n16,16,bounded_pause,episodes/TEST/warehouse-10-20-10-2-1__s05__n16__bounded_pause/history_only/episode.json,d8ac6bfe0974513db5d91244b5c155984b8bf76fd932d9ca615f6d7d8c69f79b,9.251116831001127,warehouse-10-20-10-2-1__s05,268.9999999999999,warehouse-10-20-10-2-1,21,0.09082927007693797,16,0,0,0,5.318887192988768,0.09082927007693797,1513.0,21,0,TEST,0,completed,True,1513.0
fixed_update,warehouse-10-20-10-2-1__s05__n16,16,bounded_pause,episodes/TEST/warehouse-10-20-10-2-1__s05__n16__bounded_pause/fixed_update/episode.json,90d6ae00ff18f26f7f633a76d78b5202e4fa80731b09960072f53d124d06d5cb,3.427827403007541,warehouse-10-20-10-2-1__s05,268.9999999999999,warehouse-10-20-10-2-1,5,0.035603347030701116,16,0,16,6483,5.303810604935279,0.08938049813150428,1513.0,21,0,TEST,0,completed,True,1513.0
history_rule,warehouse-10-20-10-2-1__s05__n16,16,bounded_pause,episodes/TEST/warehouse-10-20-10-2-1__s05__n16__bounded_pause/history_rule/episode.json,21465025aa257d819405193843a2bef5c28c339f489f16a59f3469bf91e8586c,3.4187088400067296,warehouse-10-20-10-2-1__s05,268.9999999999999,warehouse-10-20-10-2-1,5,0.016688566014636308,16,0,10,4029,5.320322013983969,0.09027613006765023,1513.0,21,0,TEST,0,completed,True,1513.0
learned_query,warehouse-10-20-10-2-1__s05__n16,16,bounded_pause,episodes/TEST/warehouse-10-20-10-2-1__s05__n16__bounded_pause/learned_query/episode.json,e2b8ba4f62b3d0ac04a21b4cab01de579f82a49aa17b3c3eef4a4867b1aca6d4,3.098566716973437,warehouse-10-20-10-2-1__s05,268.9999999999999,warehouse-10-20-10-2-1,4,0.033910537022165954,16,0,16,6490,5.312322380923433,0.0909940091369208,1513.0,21,0,TEST,0,completed,True,1513.0
dense_position,warehouse-10-20-10-2-1__s05__n16,16,bounded_pause,episodes/TEST/warehouse-10-20-10-2-1__s05__n16__bounded_pause/dense_position/episode.json,427fbb25c930742c31bf129b398a08dd0efbd0cac065cfe8672a7cf6e8f38fb4,8.250112059002277,warehouse-10-20-10-2-1__s05,268.9999999999999,warehouse-10-20-10-2-1,18,0.0816109970328398,16,0,108,43968,5.344896853086539,0.09148768102750182,1513.0,21,0,TEST,0,completed,True,1513.0
history_only,warehouse-10-20-10-2-1__s05__n16,16,speed_shift,episodes/TEST/warehouse-10-20-10-2-1__s05__n16__speed_shift/history_only/episode.json,c7bfb38633ad7980950b3e9c07bee57662eda769c5af1a438fd0384fe0cfd1fc,8.470675435004523,warehouse-10-20-10-2-1__s05,251.0,warehouse-10-20-10-2-1,19,0.06440613602171652,16,0,0,0,4.837363050028216,0.06440613602171652,1445.0,19,0,TEST,0,completed,True,1445.0
fixed_update,warehouse-10-20-10-2-1__s05__n16,16,speed_shift,episodes/TEST/warehouse-10-20-10-2-1__s05__n16__speed_shift/fixed_update/episode.json,e772cf7298304081cd7824bda61ce9f54df4db93eede056fc06219b16af73fef,3.3568178809946403,warehouse-10-20-10-2-1__s05,251.0,warehouse-10-20-10-2-1,5,0.018346189986914396,16,0,16,6482,4.851085330010392,0.06529765296727419,1445.0,19,0,TEST,0,completed,True,1445.0
history_rule,warehouse-10-20-10-2-1__s05__n16,16,speed_shift,episodes/TEST/warehouse-10-20-10-2-1__s05__n16__speed_shift/history_rule/episode.json,6202d6b5cb44d754208b8b66ed23bd488268b3516050e2a44a78b7badd46f78b,3.334992596996017,warehouse-10-20-10-2-1__s05,251.0,warehouse-10-20-10-2-1,5,0.01739973301300779,16,0,13,5290,4.83882397794514,0.06453206998412497,1445.0,19,0,TEST,0,completed,True,1445.0
learned_query,warehouse-10-20-10-2-1__s05__n16,16,speed_shift,episodes/TEST/warehouse-10-20-10-2-1__s05__n16__speed_shift/learned_query/episode.json,0ec8e33cd73bb87c63da0adea139fd78e4072d7d2aca5e6b7a92d9ffd468539f,3.6859791909810156,warehouse-10-20-10-2-1__s05,251.0,warehouse-10-20-10-2-1,6,0.02111460897140205,16,0,16,6491,4.836106345028384,0.06491791497683153,1445.0,19,0,TEST,0,completed,True,1445.0
dense_position,warehouse-10-20-10-2-1__s05__n16,16,speed_shift,episodes/TEST/warehouse-10-20-10-2-1__s05__n16__speed_shift/dense_position/episode.json,e56c339fe9cb586b047e8f0521d41e2e1f5f65f9c37a9f2551236de3ccff7162,8.521423088008305,warehouse-10-20-10-2-1__s05,251.0,warehouse-10-20-10-2-1,19,0.0669145239808131,16,0,106,43109,4.843173879984533,0.0669145239808131,1445.0,19,0,TEST,0,completed,True,1445.0
history_only,warehouse-10-20-10-2-1__s05__n32,32,stable,episodes/TEST/warehouse-10-20-10-2-1__s05__n32__stable/history_only/episode.json,9f97b0a6ab86536dcee1ec371d0ca59fb875799c5cb208964c207bc9ea16704e,12.130943305994151,warehouse-10-20-10-2-1__s05,165.0,warehouse-10-20-10-2-1,11,0.08024256600765511,32,0,0,0,6.82657052599825,0.08024256600765511,2406.0,11,0,TEST,0,completed,True,2406.0
fixed_update,warehouse-10-20-10-2-1__s05__n32,32,stable,episodes/TEST/warehouse-10-20-10-2-1__s05__n32__stable/fixed_update/episode.json,94d309eccdfa61f9a2275c2b2518a8a765c3cc5f3b90f427316fca52dba2cde1,2.3504348789865617,warehouse-10-20-10-2-1__s05,165.0,warehouse-10-20-10-2-1,0,0.0,32,0,32,12032,6.82657052599825,0.08024256600765511,2406.0,11,0,TEST,8,completed,True,2406.0
history_rule,warehouse-10-20-10-2-1__s05__n32,32,stable,episodes/TEST/warehouse-10-20-10-2-1__s05__n32__stable/history_rule/episode.json,96613694a4123aa2a3ab83010a9fd4fe46a67bcd4da570bc8dee9892113906b8,2.355015602981439,warehouse-10-20-10-2-1__s05,165.0,warehouse-10-20-10-2-1,0,0.0,32,0,23,8644,6.82657052599825,0.08024256600765511,2406.0,11,0,TEST,8,completed,True,2406.0
learned_query,warehouse-10-20-10-2-1__s05__n32,32,stable,episodes/TEST/warehouse-10-20-10-2-1__s05__n32__stable/learned_query/episode.json,c9d54006976b505e8699d2ef0ad940cd76e98a6db4f25af57223022e1d1e6a6d,2.265790350997122,warehouse-10-20-10-2-1__s05,165.0,warehouse-10-20-10-2-1,0,0.0,32,0,32,12036,6.82657052599825,0.08024256600765511,2406.0,11,0,TEST,8,completed,True,2406.0
dense_position,warehouse-10-20-10-2-1__s05__n32,32,stable,episodes/TEST/warehouse-10-20-10-2-1__s05__n32__stable/dense_position/episode.json,bbfb4b0b5d9fcc343c69dc1149fb6192bfa9cb4da38e37566212a6d6653d921f,2.3073043769982178,warehouse-10-20-10-2-1__s05,165.0,warehouse-10-20-10-2-1,0,0.0,32,0,158,59526,6.82657052599825,0.08024256600765511,2406.0,11,0,TEST,50,completed,True,2406.0
history_only,warehouse-10-20-10-2-1__s05__n32,32,bounded_pause,episodes/TEST/warehouse-10-20-10-2-1__s05__n32__bounded_pause/history_only/episode.json,77b5be86594e3b0244e7e006f79e925179229816b6206d775d9638cb3b87be46,24.297264518012526,warehouse-10-20-10-2-1__s05,309.0,warehouse-10-20-10-2-1,22,0.25583146809367463,32,0,0,0,13.863292995025404,0.25583146809367463,3621.75,22,0,TEST,0,completed,True,3621.75
fixed_update,warehouse-10-20-10-2-1__s05__n32,32,bounded_pause,episodes/TEST/warehouse-10-20-10-2-1__s05__n32__bounded_pause/fixed_update/episode.json,81f31121a8bda0df0c748d2e98c0b2727bd84ed96092f13e3d914f86804144c2,9.968090212001698,warehouse-10-20-10-2-1__s05,309.0,warehouse-10-20-10-2-1,6,0.14358539899694733,32,0,32,12134,13.762210214103106,0.25782115911715664,3621.75,22,0,TEST,6,completed,True,3621.75
history_rule,warehouse-10-20-10-2-1__s05__n32,32,bounded_pause,episodes/TEST/warehouse-10-20-10-2-1__s05__n32__bounded_pause/history_rule/episode.json,365ffb29e151b089156f9e31c132a5abfe3a4b0ed3ed9f4d3194932580af6354,12.738970398000674,warehouse-10-20-10-2-1__s05,309.0,warehouse-10-20-10-2-1,9,0.16440524300560355,32,0,32,12188,13.684464692982147,0.2573257921030745,3621.75,22,0,TEST,6,completed,True,3621.75
learned_query,warehouse-10-20-10-2-1__s05__n32,32,bounded_pause,episodes/TEST/warehouse-10-20-10-2-1__s05__n32__bounded_pause/learned_query/episode.json,3bc8450929b834df2a150235d2ea3a5d8ba2d4133723a25b384d10c9d4fa726b,10.168619273987133,warehouse-10-20-10-2-1__s05,309.0,warehouse-10-20-10-2-1,6,0.14219490496907383,32,0,32,12068,13.813950568030123,0.25663662908482365,3621.75,22,0,TEST,7,completed,True,3621.75
dense_position,warehouse-10-20-10-2-1__s05__n32,32,bounded_pause,episodes/TEST/warehouse-10-20-10-2-1__s05__n32__bounded_pause/dense_position/episode.json,93b28524be21543275aba77a8fb03c1280b5539be1b814db2e53b6bed2f8a732,24.41601527199964,warehouse-10-20-10-2-1__s05,309.0,warehouse-10-20-10-2-1,22,0.25415322004118934,32,0,238,91052,13.816381103999447,0.25415322004118934,3621.75,22,0,TEST,43,completed,True,3621.75
history_only,warehouse-10-20-10-2-1__s05__n32,32,speed_shift,episodes/TEST/warehouse-10-20-10-2-1__s05__n32__speed_shift/history_only/episode.json,4a4c19927fab8e88840dc4c0503639f151538f5018c6812141eaa263e89e120a,21.178901667997707,warehouse-10-20-10-2-1__s05,273.0,warehouse-10-20-10-2-1,19,0.3043867870583199,32,0,0,0,12.016316821973305,0.3043867870583199,3369.75,19,0,TEST,0,completed,True,3369.75
fixed_update,warehouse-10-20-10-2-1__s05__n32,32,speed_shift,episodes/TEST/warehouse-10-20-10-2-1__s05__n32__speed_shift/fixed_update/episode.json,9f76188e66474839b7390780eaa650d5815470af38eb3d9958a8c650e42d3794,8.509733487007907,warehouse-10-20-10-2-1__s05,273.0,warehouse-10-20-10-2-1,5,0.1575381809961982,32,0,32,12046,11.952383063035086,0.3018744560540654,3369.75,19,0,TEST,8,completed,True,3369.75
history_rule,warehouse-10-20-10-2-1__s05__n32,32,speed_shift,episodes/TEST/warehouse-10-20-10-2-1__s05__n32__speed_shift/history_rule/episode.json,f6aea682f037f47eb9d42cb41ea790261ee55d209b9d5e0ad4cbd9e5542f979c,10.333723796007689,warehouse-10-20-10-2-1__s05,273.0,warehouse-10-20-10-2-1,7,0.1712714100140147,32,0,32,12050,11.950970612990204,0.3016324650379829,3369.75,19,0,TEST,8,completed,True,3369.75
learned_query,warehouse-10-20-10-2-1__s05__n32,32,speed_shift,episodes/TEST/warehouse-10-20-10-2-1__s05__n32__speed_shift/learned_query/episode.json,2361d9f158b1c264bfeea6a1098e2bf91f603feebf7d6b2f89f36d4998532cad,9.42060437600594,warehouse-10-20-10-2-1__s05,273.0,warehouse-10-20-10-2-1,6,0.21794309298275039,32,0,32,12043,11.993241198011674,0.3099712850234937,3369.75,19,0,TEST,6,completed,True,3369.75
dense_position,warehouse-10-20-10-2-1__s05__n32,32,speed_shift,episodes/TEST/warehouse-10-20-10-2-1__s05__n32__speed_shift/dense_position/episode.json,24c41f22bf0b7d8bc9966d99318f60bd1eced9395f4426084afc1f678dd99a98,21.029954268975416,warehouse-10-20-10-2-1__s05,273.0,warehouse-10-20-10-2-1,19,0.30305319899343885,32,0,224,84667,12.000778740941314,0.30305319899343885,3369.75,19,0,TEST,49,completed,True,3369.75
