In file included from /home/lyh/MAPF_PIED_MDDR_RESEARCH/implementation_binding_evidence/gses_author_preflight_20261003_r9/vendor/STPG/inc/ConstrainedGraph/Instance.h:2,
                 from /home/lyh/MAPF_PIED_MDDR_RESEARCH/implementation_binding_evidence/gses_author_preflight_20261003_r9/vendor/STPG/inc/ConstrainedGraph/SingleAgentSolver.h:2,
                 from /home/lyh/MAPF_PIED_MDDR_RESEARCH/implementation_binding_evidence/gses_author_preflight_20261003_r9/vendor/STPG/inc/ConstrainedGraph/CBS/MDD.h:2,
                 from /home/lyh/MAPF_PIED_MDDR_RESEARCH/implementation_binding_evidence/gses_author_preflight_20261003_r9/vendor/STPG/inc/ConstrainedGraph/CBS/CBSHeuristic.h:2,
                 from /home/lyh/MAPF_PIED_MDDR_RESEARCH/implementation_binding_evidence/gses_author_preflight_20261003_r9/vendor/STPG/inc/ConstrainedGraph/CBS/CBS.h:2,
                 from /home/lyh/MAPF_PIED_MDDR_RESEARCH/implementation_binding_evidence/gses_author_preflight_20261003_r9/vendor/STPG/src/ConstrainedGraph/CBS/CBS.cpp:4:
/home/lyh/MAPF_PIED_MDDR_RESEARCH/implementation_binding_evidence/gses_author_preflight_20261003_r9/vendor/STPG/inc/ConstrainedGraph/common.h: In constructor ‘ConstrainedGraph::IterationStats::IterationStats(int, int, double, const string&, int, int, std::vector<std::vector<ConstrainedGraph::PathEntry> >)’:
/home/lyh/MAPF_PIED_MDDR_RESEARCH/implementation_binding_evidence/gses_author_preflight_20261003_r9/vendor/STPG/inc/ConstrainedGraph/common.h:88:9: warning: ‘ConstrainedGraph::IterationStats::num_of_agents’ will be initialized after [-Wreorder]
   88 |     int num_of_agents;
      |         ^~~~~~~~~~~~~
/home/lyh/MAPF_PIED_MDDR_RESEARCH/implementation_binding_evidence/gses_author_preflight_20261003_r9/vendor/STPG/inc/ConstrainedGraph/common.h:86:9: warning:   ‘int ConstrainedGraph::IterationStats::sum_of_costs’ [-Wreorder]
   86 |     int sum_of_costs;
      |         ^~~~~~~~~~~~
/home/lyh/MAPF_PIED_MDDR_RESEARCH/implementation_binding_evidence/gses_author_preflight_20261003_r9/vendor/STPG/inc/ConstrainedGraph/common.h:93:5: warning:   when initialized here [-Wreorder]
   93 |     IterationStats(int num_of_agents, int sum_of_costs, double runtime, const string& algorithm,
      |     ^~~~~~~~~~~~~~
/home/lyh/MAPF_PIED_MDDR_RESEARCH/implementation_binding_evidence/gses_author_preflight_20261003_r9/vendor/STPG/inc/ConstrainedGraph/common.h:90:9: warning: ‘ConstrainedGraph::IterationStats::sum_of_costs_lowerbound’ will be initialized after [-Wreorder]
   90 |     int sum_of_costs_lowerbound;
      |         ^~~~~~~~~~~~~~~~~~~~~~~
/home/lyh/MAPF_PIED_MDDR_RESEARCH/implementation_binding_evidence/gses_author_preflight_20261003_r9/vendor/STPG/inc/ConstrainedGraph/common.h:89:12: warning:   ‘std::string ConstrainedGraph::IterationStats::algorithm’ [-Wreorder]
   89 |     string algorithm;
      |            ^~~~~~~~~
/home/lyh/MAPF_PIED_MDDR_RESEARCH/implementation_binding_evidence/gses_author_preflight_20261003_r9/vendor/STPG/inc/ConstrainedGraph/common.h:93:5: warning:   when initialized here [-Wreorder]
   93 |     IterationStats(int num_of_agents, int sum_of_costs, double runtime, const string& algorithm,
      |     ^~~~~~~~~~~~~~
In file included from /home/lyh/MAPF_PIED_MDDR_RESEARCH/implementation_binding_evidence/gses_author_preflight_20261003_r9/vendor/STPG/inc/ConstrainedGraph/SingleAgentSolver.h:2,
                 from /home/lyh/MAPF_PIED_MDDR_RESEARCH/implementation_binding_evidence/gses_author_preflight_20261003_r9/vendor/STPG/inc/ConstrainedGraph/CBS/MDD.h:2,
                 from /home/lyh/MAPF_PIED_MDDR_RESEARCH/implementation_binding_evidence/gses_author_preflight_20261003_r9/vendor/STPG/inc/ConstrainedGraph/CBS/CBSHeuristic.h:2,
                 from /home/lyh/MAPF_PIED_MDDR_RESEARCH/implementation_binding_evidence/gses_author_preflight_20261003_r9/vendor/STPG/inc/ConstrainedGraph/CBS/CBS.h:2,
                 from /home/lyh/MAPF_PIED_MDDR_RESEARCH/implementation_binding_evidence/gses_author_preflight_20261003_r9/vendor/STPG/src/ConstrainedGraph/CBS/CBS.cpp:4:
/home/lyh/MAPF_PIED_MDDR_RESEARCH/implementation_binding_evidence/gses_author_preflight_20261003_r9/vendor/STPG/inc/ConstrainedGraph/Instance.h: In member function ‘void ConstrainedGraph::Instance::updateStartLocations(std::vector<ConstrainedGraph::Location>)’:
/home/lyh/MAPF_PIED_MDDR_RESEARCH/implementation_binding_evidence/gses_author_preflight_20261003_r9/vendor/STPG/inc/ConstrainedGraph/Instance.h:97:27: warning: comparison of integer expressions of different signedness: ‘int’ and ‘std::vector<ConstrainedGraph::Location>::size_type’ {aka ‘long unsigned int’} [-Wsign-compare]
   97 |         for (int i = 0; i < new_starts.size(); i++)
      |                         ~~^~~~~~~~~~~~~~~~~~~
In file included from /home/lyh/MAPF_PIED_MDDR_RESEARCH/implementation_binding_evidence/gses_author_preflight_20261003_r9/vendor/STPG/inc/ConstrainedGraph/CBS/MDD.h:2,
                 from /home/lyh/MAPF_PIED_MDDR_RESEARCH/implementation_binding_evidence/gses_author_preflight_20261003_r9/vendor/STPG/inc/ConstrainedGraph/CBS/CBSHeuristic.h:2,
                 from /home/lyh/MAPF_PIED_MDDR_RESEARCH/implementation_binding_evidence/gses_author_preflight_20261003_r9/vendor/STPG/inc/ConstrainedGraph/CBS/CBS.h:2,
                 from /home/lyh/MAPF_PIED_MDDR_RESEARCH/implementation_binding_evidence/gses_author_preflight_20261003_r9/vendor/STPG/src/ConstrainedGraph/CBS/CBS.cpp:4:
/home/lyh/MAPF_PIED_MDDR_RESEARCH/implementation_binding_evidence/gses_author_preflight_20261003_r9/vendor/STPG/inc/ConstrainedGraph/SingleAgentSolver.h: In constructor ‘ConstrainedGraph::SingleAgentSolver::SingleAgentSolver(ConstrainedGraph::Instance*, int)’:
/home/lyh/MAPF_PIED_MDDR_RESEARCH/implementation_binding_evidence/gses_author_preflight_20261003_r9/vendor/STPG/inc/ConstrainedGraph/SingleAgentSolver.h:141:19: warning: ‘ConstrainedGraph::SingleAgentSolver::agent’ will be initialized after [-Wreorder]
  141 |         const int agent;
      |                   ^~~~~
/home/lyh/MAPF_PIED_MDDR_RESEARCH/implementation_binding_evidence/gses_author_preflight_20261003_r9/vendor/STPG/inc/ConstrainedGraph/SingleAgentSolver.h:94:18: warning:   ‘ConstrainedGraph::Location ConstrainedGraph::SingleAgentSolver::start_location’ [-Wreorder]
   94 |         Location start_location;
      |                  ^~~~~~~~~~~~~~
/home/lyh/MAPF_PIED_MDDR_RESEARCH/implementation_binding_evidence/gses_author_preflight_20261003_r9/vendor/STPG/inc/ConstrainedGraph/SingleAgentSolver.h:123:9: warning:   when initialized here [-Wreorder]
  123 |         SingleAgentSolver(Instance *instance, int agent) :
      |         ^~~~~~~~~~~~~~~~~
/home/lyh/MAPF_PIED_MDDR_RESEARCH/implementation_binding_evidence/gses_author_preflight_20261003_r9/vendor/STPG/inc/ConstrainedGraph/SingleAgentSolver.h: In constructor ‘ConstrainedGraph::SingleAgentSolver::SingleAgentSolver(ConstrainedGraph::Instance*, int, ConstrainedGraph::Path&)’:
/home/lyh/MAPF_PIED_MDDR_RESEARCH/implementation_binding_evidence/gses_author_preflight_20261003_r9/vendor/STPG/inc/ConstrainedGraph/SingleAgentSolver.h:141:19: warning: ‘ConstrainedGraph::SingleAgentSolver::agent’ will be initialized after [-Wreorder]
  141 |         const int agent;
      |                   ^~~~~
/home/lyh/MAPF_PIED_MDDR_RESEARCH/implementation_binding_evidence/gses_author_preflight_20261003_r9/vendor/STPG/inc/ConstrainedGraph/SingleAgentSolver.h:94:18: warning:   ‘ConstrainedGraph::Location ConstrainedGraph::SingleAgentSolver::start_location’ [-Wreorder]
   94 |         Location start_location;
      |                  ^~~~~~~~~~~~~~
/home/lyh/MAPF_PIED_MDDR_RESEARCH/implementation_binding_evidence/gses_author_preflight_20261003_r9/vendor/STPG/inc/ConstrainedGraph/SingleAgentSolver.h:131:9: warning:   when initialized here [-Wreorder]
  131 |         SingleAgentSolver(Instance *instance, int agent, Path &path) :
      |         ^~~~~~~~~~~~~~~~~
/home/lyh/MAPF_PIED_MDDR_RESEARCH/implementation_binding_evidence/gses_author_preflight_20261003_r9/vendor/STPG/src/ConstrainedGraph/CBS/CBS.cpp: In member function ‘void ConstrainedGraph::CBS::countInducedDelays(std::vector<std::vector<ConstrainedGraph::PathEntry> >&) const’:
/home/lyh/MAPF_PIED_MDDR_RESEARCH/implementation_binding_evidence/gses_author_preflight_20261003_r9/vendor/STPG/src/ConstrainedGraph/CBS/CBS.cpp:39:23: warning: comparison of integer expressions of different signedness: ‘int’ and ‘std::vector<std::vector<ConstrainedGraph::PathEntry>*>::size_type’ {aka ‘long unsigned int’} [-Wsign-compare]
   39 |     for (int i = 0; i < paths.size(); i++)
      |                     ~~^~~~~~~~~~~~~~
/home/lyh/MAPF_PIED_MDDR_RESEARCH/implementation_binding_evidence/gses_author_preflight_20261003_r9/vendor/STPG/src/ConstrainedGraph/CBS/CBS.cpp: In member function ‘void ConstrainedGraph::CBS::findConflicts(ConstrainedGraph::HLNode&, int, int)’:
/home/lyh/MAPF_PIED_MDDR_RESEARCH/implementation_binding_evidence/gses_author_preflight_20261003_r9/vendor/STPG/src/ConstrainedGraph/CBS/CBS.cpp:120:67: warning: comparison of integer expressions of different signedness: ‘std::vector<ConstrainedGraph::PathEntry>::size_type’ {aka ‘long unsigned int’} and ‘int’ [-Wsign-compare]
  120 |                         if (target_reasoning && paths[a1]->size() == timestep + 1)
      |                                                 ~~~~~~~~~~~~~~~~~~^~~~~~~~~~~~~~~
/home/lyh/MAPF_PIED_MDDR_RESEARCH/implementation_binding_evidence/gses_author_preflight_20261003_r9/vendor/STPG/src/ConstrainedGraph/CBS/CBS.cpp:124:72: warning: comparison of integer expressions of different signedness: ‘std::vector<ConstrainedGraph::PathEntry>::size_type’ {aka ‘long unsigned int’} and ‘int’ [-Wsign-compare]
  124 |                         else if (target_reasoning && paths[a2]->size() == timestep + 1)
      |                                                      ~~~~~~~~~~~~~~~~~~^~~~~~~~~~~~~~~
/home/lyh/MAPF_PIED_MDDR_RESEARCH/implementation_binding_evidence/gses_author_preflight_20261003_r9/vendor/STPG/src/ConstrainedGraph/CBS/CBS.cpp: In member function ‘void ConstrainedGraph::CBS::findConflicts(ConstrainedGraph::HLNode&)’:
/home/lyh/MAPF_PIED_MDDR_RESEARCH/implementation_binding_evidence/gses_author_preflight_20261003_r9/vendor/STPG/src/ConstrainedGraph/CBS/CBS.cpp:189:38: warning: variable ‘skip’ set but not used [-Wunused-but-set-variable]
  189 |                                 bool skip = false;
      |                                      ^~~~
/home/lyh/MAPF_PIED_MDDR_RESEARCH/implementation_binding_evidence/gses_author_preflight_20261003_r9/vendor/STPG/src/ConstrainedGraph/CBS/CBS.cpp: In member function ‘bool ConstrainedGraph::CBS::solve(double, int, int)’:
/home/lyh/MAPF_PIED_MDDR_RESEARCH/implementation_binding_evidence/gses_author_preflight_20261003_r9/vendor/STPG/src/ConstrainedGraph/CBS/CBS.cpp:1298:41: warning: deleting object of polymorphic class type ‘ConstrainedGraph::CBSNode’ which has non-virtual destructor might cause undefined behavior [-Wdelete-non-virtual-dtor]
 1298 |                                         delete (child[i]);
      |                                         ^~~~~~~~~~~~~~~~~
/home/lyh/MAPF_PIED_MDDR_RESEARCH/implementation_binding_evidence/gses_author_preflight_20261003_r9/vendor/STPG/src/ConstrainedGraph/CBS/CBS.cpp:1341:41: warning: deleting object of polymorphic class type ‘ConstrainedGraph::CBSNode’ which has non-virtual destructor might cause undefined behavior [-Wdelete-non-virtual-dtor]
 1341 |                                         delete i;
      |                                         ^~~~~~~~
/home/lyh/MAPF_PIED_MDDR_RESEARCH/implementation_binding_evidence/gses_author_preflight_20261003_r9/vendor/STPG/src/ConstrainedGraph/CBS/CBS.cpp: In member function ‘bool ConstrainedGraph::CBS::terminate(ConstrainedGraph::HLNode*)’:
/home/lyh/MAPF_PIED_MDDR_RESEARCH/implementation_binding_evidence/gses_author_preflight_20261003_r9/vendor/STPG/src/ConstrainedGraph/CBS/CBS.cpp:1422:53: warning: comparison of integer expressions of different signedness: ‘uint64_t’ {aka ‘long unsigned int’} and ‘int’ [-Wsign-compare]
 1422 |         if (runtime > time_limit || num_HL_expanded > node_limit)
      |                                     ~~~~~~~~~~~~~~~~^~~~~~~~~~~~
In file included from /home/lyh/MAPF_PIED_MDDR_RESEARCH/implementation_binding_evidence/gses_author_preflight_20261003_r9/vendor/STPG/src/ConstrainedGraph/CBS/CBS.cpp:4:
/home/lyh/MAPF_PIED_MDDR_RESEARCH/implementation_binding_evidence/gses_author_preflight_20261003_r9/vendor/STPG/inc/ConstrainedGraph/CBS/CBS.h: In constructor ‘ConstrainedGraph::CBS::CBS(std::vector<ConstrainedGraph::SingleAgentSolver*>&, const std::vector<ConstrainedGraph::ConstraintTable>&, std::vector<std::vector<ConstrainedGraph::PathEntry> >&, int)’:
/home/lyh/MAPF_PIED_MDDR_RESEARCH/implementation_binding_evidence/gses_author_preflight_20261003_r9/vendor/STPG/inc/ConstrainedGraph/CBS/CBS.h:148:39: warning: ‘ConstrainedGraph::CBS::search_engines’ will be initialized after [-Wreorder]
  148 |         vector < SingleAgentSolver* > search_engines;  // used to find (single) agents' paths and mdd
      |                                       ^~~~~~~~~~~~~~
/home/lyh/MAPF_PIED_MDDR_RESEARCH/implementation_binding_evidence/gses_author_preflight_20261003_r9/vendor/STPG/inc/ConstrainedGraph/CBS/CBS.h:120:18: warning:   ‘ConstrainedGraph::MDDTable ConstrainedGraph::CBS::mdd_helper’ [-Wreorder]
  120 |         MDDTable mdd_helper;
      |                  ^~~~~~~~~~
/home/lyh/MAPF_PIED_MDDR_RESEARCH/implementation_binding_evidence/gses_author_preflight_20261003_r9/vendor/STPG/src/ConstrainedGraph/CBS/CBS.cpp:1480:1: warning:   when initialized here [-Wreorder]
 1480 | CBS::CBS(vector<SingleAgentSolver*>& search_engines,
      | ^~~
In file included from /home/lyh/MAPF_PIED_MDDR_RESEARCH/implementation_binding_evidence/gses_author_preflight_20261003_r9/vendor/STPG/src/ConstrainedGraph/CBS/CBS.cpp:4:
/home/lyh/MAPF_PIED_MDDR_RESEARCH/implementation_binding_evidence/gses_author_preflight_20261003_r9/vendor/STPG/inc/ConstrainedGraph/CBS/CBS.h:123:24: warning: ‘ConstrainedGraph::CBS::mutex_helper’ will be initialized after [-Wreorder]
  123 |         MutexReasoning mutex_helper;
      |                        ^~~~~~~~~~~~
/home/lyh/MAPF_PIED_MDDR_RESEARCH/implementation_binding_evidence/gses_author_preflight_20261003_r9/vendor/STPG/inc/ConstrainedGraph/CBS/CBS.h:122:27: warning:   ‘ConstrainedGraph::CorridorReasoning ConstrainedGraph::CBS::corridor_helper’ [-Wreorder]
  122 |         CorridorReasoning corridor_helper;
      |                           ^~~~~~~~~~~~~~~
/home/lyh/MAPF_PIED_MDDR_RESEARCH/implementation_binding_evidence/gses_author_preflight_20261003_r9/vendor/STPG/src/ConstrainedGraph/CBS/CBS.cpp:1480:1: warning:   when initialized here [-Wreorder]
 1480 | CBS::CBS(vector<SingleAgentSolver*>& search_engines,
      | ^~~
In file included from /home/lyh/MAPF_PIED_MDDR_RESEARCH/implementation_binding_evidence/gses_author_preflight_20261003_r9/vendor/STPG/src/ConstrainedGraph/CBS/CBS.cpp:4:
/home/lyh/MAPF_PIED_MDDR_RESEARCH/implementation_binding_evidence/gses_author_preflight_20261003_r9/vendor/STPG/inc/ConstrainedGraph/CBS/CBS.h: In constructor ‘ConstrainedGraph::CBS::CBS(std::vector<ConstrainedGraph::SingleAgentSolver*>&, int, const ConstrainedGraph::PathTable*)’:
/home/lyh/MAPF_PIED_MDDR_RESEARCH/implementation_binding_evidence/gses_author_preflight_20261003_r9/vendor/STPG/inc/ConstrainedGraph/CBS/CBS.h:148:39: warning: ‘ConstrainedGraph::CBS::search_engines’ will be initialized after [-Wreorder]
  148 |         vector < SingleAgentSolver* > search_engines;  // used to find (single) agents' paths and mdd
      |                                       ^~~~~~~~~~~~~~
/home/lyh/MAPF_PIED_MDDR_RESEARCH/implementation_binding_evidence/gses_author_preflight_20261003_r9/vendor/STPG/inc/ConstrainedGraph/CBS/CBS.h:120:18: warning:   ‘ConstrainedGraph::MDDTable ConstrainedGraph::CBS::mdd_helper’ [-Wreorder]
  120 |         MDDTable mdd_helper;
      |                  ^~~~~~~~~~
/home/lyh/MAPF_PIED_MDDR_RESEARCH/implementation_binding_evidence/gses_author_preflight_20261003_r9/vendor/STPG/src/ConstrainedGraph/CBS/CBS.cpp:1496:1: warning:   when initialized here [-Wreorder]
 1496 | CBS::CBS(vector<SingleAgentSolver*>& search_engines, int screen, const PathTable* path_table = nullptr) :
      | ^~~
In file included from /home/lyh/MAPF_PIED_MDDR_RESEARCH/implementation_binding_evidence/gses_author_preflight_20261003_r9/vendor/STPG/src/ConstrainedGraph/CBS/CBS.cpp:4:
/home/lyh/MAPF_PIED_MDDR_RESEARCH/implementation_binding_evidence/gses_author_preflight_20261003_r9/vendor/STPG/inc/ConstrainedGraph/CBS/CBS.h:123:24: warning: ‘ConstrainedGraph::CBS::mutex_helper’ will be initialized after [-Wreorder]
  123 |         MutexReasoning mutex_helper;
      |                        ^~~~~~~~~~~~
/home/lyh/MAPF_PIED_MDDR_RESEARCH/implementation_binding_evidence/gses_author_preflight_20261003_r9/vendor/STPG/inc/ConstrainedGraph/CBS/CBS.h:122:27: warning:   ‘ConstrainedGraph::CorridorReasoning ConstrainedGraph::CBS::corridor_helper’ [-Wreorder]
  122 |         CorridorReasoning corridor_helper;
      |                           ^~~~~~~~~~~~~~~
/home/lyh/MAPF_PIED_MDDR_RESEARCH/implementation_binding_evidence/gses_author_preflight_20261003_r9/vendor/STPG/src/ConstrainedGraph/CBS/CBS.cpp:1496:1: warning:   when initialized here [-Wreorder]
 1496 | CBS::CBS(vector<SingleAgentSolver*>& search_engines, int screen, const PathTable* path_table = nullptr) :
      | ^~~
In file included from /home/lyh/MAPF_PIED_MDDR_RESEARCH/implementation_binding_evidence/gses_author_preflight_20261003_r9/vendor/STPG/src/ConstrainedGraph/CBS/CBS.cpp:4:
/home/lyh/MAPF_PIED_MDDR_RESEARCH/implementation_binding_evidence/gses_author_preflight_20261003_r9/vendor/STPG/inc/ConstrainedGraph/CBS/CBS.h: In constructor ‘ConstrainedGraph::CBS::CBS(ConstrainedGraph::Instance*, bool, int)’:
/home/lyh/MAPF_PIED_MDDR_RESEARCH/implementation_binding_evidence/gses_author_preflight_20261003_r9/vendor/STPG/inc/ConstrainedGraph/CBS/CBS.h:142:13: warning: ‘ConstrainedGraph::CBS::num_of_agents’ will be initialized after [-Wreorder]
  142 |         int num_of_agents;
      |             ^~~~~~~~~~~~~
/home/lyh/MAPF_PIED_MDDR_RESEARCH/implementation_binding_evidence/gses_author_preflight_20261003_r9/vendor/STPG/inc/ConstrainedGraph/CBS/CBS.h:120:18: warning:   ‘ConstrainedGraph::MDDTable ConstrainedGraph::CBS::mdd_helper’ [-Wreorder]
  120 |         MDDTable mdd_helper;
      |                  ^~~~~~~~~~
/home/lyh/MAPF_PIED_MDDR_RESEARCH/implementation_binding_evidence/gses_author_preflight_20261003_r9/vendor/STPG/src/ConstrainedGraph/CBS/CBS.cpp:1511:1: warning:   when initialized here [-Wreorder]
 1511 | CBS::CBS(Instance *instance, bool sipp, int screen) :
      | ^~~
In file included from /home/lyh/MAPF_PIED_MDDR_RESEARCH/implementation_binding_evidence/gses_author_preflight_20261003_r9/vendor/STPG/src/ConstrainedGraph/CBS/CBS.cpp:4:
/home/lyh/MAPF_PIED_MDDR_RESEARCH/implementation_binding_evidence/gses_author_preflight_20261003_r9/vendor/STPG/inc/ConstrainedGraph/CBS/CBS.h:123:24: warning: ‘ConstrainedGraph::CBS::mutex_helper’ will be initialized after [-Wreorder]
  123 |         MutexReasoning mutex_helper;
      |                        ^~~~~~~~~~~~
/home/lyh/MAPF_PIED_MDDR_RESEARCH/implementation_binding_evidence/gses_author_preflight_20261003_r9/vendor/STPG/inc/ConstrainedGraph/CBS/CBS.h:122:27: warning:   ‘ConstrainedGraph::CorridorReasoning ConstrainedGraph::CBS::corridor_helper’ [-Wreorder]
  122 |         CorridorReasoning corridor_helper;
      |                           ^~~~~~~~~~~~~~~
/home/lyh/MAPF_PIED_MDDR_RESEARCH/implementation_binding_evidence/gses_author_preflight_20261003_r9/vendor/STPG/src/ConstrainedGraph/CBS/CBS.cpp:1511:1: warning:   when initialized here [-Wreorder]
 1511 | CBS::CBS(Instance *instance, bool sipp, int screen) :
      | ^~~
/home/lyh/MAPF_PIED_MDDR_RESEARCH/implementation_binding_evidence/gses_author_preflight_20261003_r9/vendor/STPG/src/ConstrainedGraph/CBS/CBS.cpp: In member function ‘bool ConstrainedGraph::CBS::generateRoot()’:
/home/lyh/MAPF_PIED_MDDR_RESEARCH/implementation_binding_evidence/gses_author_preflight_20261003_r9/vendor/STPG/src/ConstrainedGraph/CBS/CBS.cpp:1622:17: warning: deleting object of polymorphic class type ‘ConstrainedGraph::CBSNode’ which has non-virtual destructor might cause undefined behavior [-Wdelete-non-virtual-dtor]
 1622 |                 delete root;
      |                 ^~~~~~~~~~~
/home/lyh/MAPF_PIED_MDDR_RESEARCH/implementation_binding_evidence/gses_author_preflight_20261003_r9/vendor/STPG/src/ConstrainedGraph/CBS/CBS.cpp:1629:17: warning: deleting object of polymorphic class type ‘ConstrainedGraph::CBSNode’ which has non-virtual destructor might cause undefined behavior [-Wdelete-non-virtual-dtor]
 1629 |                 delete root;
      |                 ^~~~~~~~~~~
In file included from /home/lyh/MAPF_PIED_MDDR_RESEARCH/implementation_binding_evidence/gses_author_preflight_20261003_r9/vendor/STPG/inc/ConstrainedGraph/Instance.h:2,
                 from /home/lyh/MAPF_PIED_MDDR_RESEARCH/implementation_binding_evidence/gses_author_preflight_20261003_r9/vendor/STPG/inc/ConstrainedGraph/SingleAgentSolver.h:2,
                 from /home/lyh/MAPF_PIED_MDDR_RESEARCH/implementation_binding_evidence/gses_author_preflight_20261003_r9/vendor/STPG/inc/ConstrainedGraph/CBS/MDD.h:2,
                 from /home/lyh/MAPF_PIED_MDDR_RESEARCH/implementation_binding_evidence/gses_author_preflight_20261003_r9/vendor/STPG/inc/ConstrainedGraph/CBS/CBSHeuristic.h:2,
                 from /home/lyh/MAPF_PIED_MDDR_RESEARCH/implementation_binding_evidence/gses_author_preflight_20261003_r9/vendor/STPG/src/ConstrainedGraph/CBS/CBSHeuristic.cpp:1:
/home/lyh/MAPF_PIED_MDDR_RESEARCH/implementation_binding_evidence/gses_author_preflight_20261003_r9/vendor/STPG/inc/ConstrainedGraph/common.h: In constructor ‘ConstrainedGraph::IterationStats::IterationStats(int, int, double, const string&, int, int, std::vector<std::vector<ConstrainedGraph::PathEntry> >)’:
/home/lyh/MAPF_PIED_MDDR_RESEARCH/implementation_binding_evidence/gses_author_preflight_20261003_r9/vendor/STPG/inc/ConstrainedGraph/common.h:88:9: warning: ‘ConstrainedGraph::IterationStats::num_of_agents’ will be initialized after [-Wreorder]
   88 |     int num_of_agents;
      |         ^~~~~~~~~~~~~
/home/lyh/MAPF_PIED_MDDR_RESEARCH/implementation_binding_evidence/gses_author_preflight_20261003_r9/vendor/STPG/inc/ConstrainedGraph/common.h:86:9: warning:   ‘int ConstrainedGraph::IterationStats::sum_of_costs’ [-Wreorder]
   86 |     int sum_of_costs;
      |         ^~~~~~~~~~~~
/home/lyh/MAPF_PIED_MDDR_RESEARCH/implementation_binding_evidence/gses_author_preflight_20261003_r9/vendor/STPG/inc/ConstrainedGraph/common.h:93:5: warning:   when initialized here [-Wreorder]
   93 |     IterationStats(int num_of_agents, int sum_of_costs, double runtime, const string& algorithm,
      |     ^~~~~~~~~~~~~~
/home/lyh/MAPF_PIED_MDDR_RESEARCH/implementation_binding_evidence/gses_author_preflight_20261003_r9/vendor/STPG/inc/ConstrainedGraph/common.h:90:9: warning: ‘ConstrainedGraph::IterationStats::sum_of_costs_lowerbound’ will be initialized after [-Wreorder]
   90 |     int sum_of_costs_lowerbound;
      |         ^~~~~~~~~~~~~~~~~~~~~~~
/home/lyh/MAPF_PIED_MDDR_RESEARCH/implementation_binding_evidence/gses_author_preflight_20261003_r9/vendor/STPG/inc/ConstrainedGraph/common.h:89:12: warning:   ‘std::string ConstrainedGraph::IterationStats::algorithm’ [-Wreorder]
   89 |     string algorithm;
      |            ^~~~~~~~~
/home/lyh/MAPF_PIED_MDDR_RESEARCH/implementation_binding_evidence/gses_author_preflight_20261003_r9/vendor/STPG/inc/ConstrainedGraph/common.h:93:5: warning:   when initialized here [-Wreorder]
   93 |     IterationStats(int num_of_agents, int sum_of_costs, double runtime, const string& algorithm,
      |     ^~~~~~~~~~~~~~
In file included from /home/lyh/MAPF_PIED_MDDR_RESEARCH/implementation_binding_evidence/gses_author_preflight_20261003_r9/vendor/STPG/inc/ConstrainedGraph/SingleAgentSolver.h:2,
                 from /home/lyh/MAPF_PIED_MDDR_RESEARCH/implementation_binding_evidence/gses_author_preflight_20261003_r9/vendor/STPG/inc/ConstrainedGraph/CBS/MDD.h:2,
                 from /home/lyh/MAPF_PIED_MDDR_RESEARCH/implementation_binding_evidence/gses_author_preflight_20261003_r9/vendor/STPG/inc/ConstrainedGraph/CBS/CBSHeuristic.h:2,
                 from /home/lyh/MAPF_PIED_MDDR_RESEARCH/implementation_binding_evidence/gses_author_preflight_20261003_r9/vendor/STPG/src/ConstrainedGraph/CBS/CBSHeuristic.cpp:1:
/home/lyh/MAPF_PIED_MDDR_RESEARCH/implementation_binding_evidence/gses_author_preflight_20261003_r9/vendor/STPG/inc/ConstrainedGraph/Instance.h: In member function ‘void ConstrainedGraph::Instance::updateStartLocations(std::vector<ConstrainedGraph::Location>)’:
/home/lyh/MAPF_PIED_MDDR_RESEARCH/implementation_binding_evidence/gses_author_preflight_20261003_r9/vendor/STPG/inc/ConstrainedGraph/Instance.h:97:27: warning: comparison of integer expressions of different signedness: ‘int’ and ‘std::vector<ConstrainedGraph::Location>::size_type’ {aka ‘long unsigned int’} [-Wsign-compare]
   97 |         for (int i = 0; i < new_starts.size(); i++)
      |                         ~~^~~~~~~~~~~~~~~~~~~
In file included from /home/lyh/MAPF_PIED_MDDR_RESEARCH/implementation_binding_evidence/gses_author_preflight_20261003_r9/vendor/STPG/inc/ConstrainedGraph/CBS/MDD.h:2,
                 from /home/lyh/MAPF_PIED_MDDR_RESEARCH/implementation_binding_evidence/gses_author_preflight_20261003_r9/vendor/STPG/inc/ConstrainedGraph/CBS/CBSHeuristic.h:2,
                 from /home/lyh/MAPF_PIED_MDDR_RESEARCH/implementation_binding_evidence/gses_author_preflight_20261003_r9/vendor/STPG/src/ConstrainedGraph/CBS/CBSHeuristic.cpp:1:
/home/lyh/MAPF_PIED_MDDR_RESEARCH/implementation_binding_evidence/gses_author_preflight_20261003_r9/vendor/STPG/inc/ConstrainedGraph/SingleAgentSolver.h: In constructor ‘ConstrainedGraph::SingleAgentSolver::SingleAgentSolver(ConstrainedGraph::Instance*, int)’:
/home/lyh/MAPF_PIED_MDDR_RESEARCH/implementation_binding_evidence/gses_author_preflight_20261003_r9/vendor/STPG/inc/ConstrainedGraph/SingleAgentSolver.h:141:19: warning: ‘ConstrainedGraph::SingleAgentSolver::agent’ will be initialized after [-Wreorder]
  141 |         const int agent;
      |                   ^~~~~
/home/lyh/MAPF_PIED_MDDR_RESEARCH/implementation_binding_evidence/gses_author_preflight_20261003_r9/vendor/STPG/inc/ConstrainedGraph/SingleAgentSolver.h:94:18: warning:   ‘ConstrainedGraph::Location ConstrainedGraph::SingleAgentSolver::start_location’ [-Wreorder]
   94 |         Location start_location;
      |                  ^~~~~~~~~~~~~~
/home/lyh/MAPF_PIED_MDDR_RESEARCH/implementation_binding_evidence/gses_author_preflight_20261003_r9/vendor/STPG/inc/ConstrainedGraph/SingleAgentSolver.h:123:9: warning:   when initialized here [-Wreorder]
  123 |         SingleAgentSolver(Instance *instance, int agent) :
      |         ^~~~~~~~~~~~~~~~~
/home/lyh/MAPF_PIED_MDDR_RESEARCH/implementation_binding_evidence/gses_author_preflight_20261003_r9/vendor/STPG/inc/ConstrainedGraph/SingleAgentSolver.h: In constructor ‘ConstrainedGraph::SingleAgentSolver::SingleAgentSolver(ConstrainedGraph::Instance*, int, ConstrainedGraph::Path&)’:
/home/lyh/MAPF_PIED_MDDR_RESEARCH/implementation_binding_evidence/gses_author_preflight_20261003_r9/vendor/STPG/inc/ConstrainedGraph/SingleAgentSolver.h:141:19: warning: ‘ConstrainedGraph::SingleAgentSolver::agent’ will be initialized after [-Wreorder]
  141 |         const int agent;
      |                   ^~~~~
/home/lyh/MAPF_PIED_MDDR_RESEARCH/implementation_binding_evidence/gses_author_preflight_20261003_r9/vendor/STPG/inc/ConstrainedGraph/SingleAgentSolver.h:94:18: warning:   ‘ConstrainedGraph::Location ConstrainedGraph::SingleAgentSolver::start_location’ [-Wreorder]
   94 |         Location start_location;
      |                  ^~~~~~~~~~~~~~
/home/lyh/MAPF_PIED_MDDR_RESEARCH/implementation_binding_evidence/gses_author_preflight_20261003_r9/vendor/STPG/inc/ConstrainedGraph/SingleAgentSolver.h:131:9: warning:   when initialized here [-Wreorder]
  131 |         SingleAgentSolver(Instance *instance, int agent, Path &path) :
      |         ^~~~~~~~~~~~~~~~~
/home/lyh/MAPF_PIED_MDDR_RESEARCH/implementation_binding_evidence/gses_author_preflight_20261003_r9/vendor/STPG/src/ConstrainedGraph/CBS/CBSHeuristic.cpp: In member function ‘std::pair<int, int> ConstrainedGraph::CBSHeuristic::solve2Agents(int, int, const ConstrainedGraph::CBSNode&, bool)’:
/home/lyh/MAPF_PIED_MDDR_RESEARCH/implementation_binding_evidence/gses_author_preflight_20261003_r9/vendor/STPG/src/ConstrainedGraph/CBS/CBSHeuristic.cpp:761:72: warning: comparison of integer expressions of different signedness: ‘uint64_t’ {aka ‘long unsigned int’} and ‘int’ [-Wsign-compare]
  761 |         if (cbs.runtime >= time_limit - runtime || cbs.num_HL_expanded > node_limit) // time out or node out
      |                                                    ~~~~~~~~~~~~~~~~~~~~^~~~~~~~~~~~
In file included from /home/lyh/MAPF_PIED_MDDR_RESEARCH/implementation_binding_evidence/gses_author_preflight_20261003_r9/vendor/STPG/inc/ConstrainedGraph/CBS/CBSNode.h:2,
                 from /home/lyh/MAPF_PIED_MDDR_RESEARCH/implementation_binding_evidence/gses_author_preflight_20261003_r9/vendor/STPG/src/ConstrainedGraph/CBS/CBSNode.cpp:1:
/home/lyh/MAPF_PIED_MDDR_RESEARCH/implementation_binding_evidence/gses_author_preflight_20261003_r9/vendor/STPG/inc/ConstrainedGraph/common.h: In constructor ‘ConstrainedGraph::IterationStats::IterationStats(int, int, double, const string&, int, int, std::vector<std::vector<ConstrainedGraph::PathEntry> >)’:
/home/lyh/MAPF_PIED_MDDR_RESEARCH/implementation_binding_evidence/gses_author_preflight_20261003_r9/vendor/STPG/inc/ConstrainedGraph/common.h:88:9: warning: ‘ConstrainedGraph::IterationStats::num_of_agents’ will be initialized after [-Wreorder]
   88 |     int num_of_agents;
      |         ^~~~~~~~~~~~~
/home/lyh/MAPF_PIED_MDDR_RESEARCH/implementation_binding_evidence/gses_author_preflight_20261003_r9/vendor/STPG/inc/ConstrainedGraph/common.h:86:9: warning:   ‘int ConstrainedGraph::IterationStats::sum_of_costs’ [-Wreorder]
   86 |     int sum_of_costs;
      |         ^~~~~~~~~~~~
/home/lyh/MAPF_PIED_MDDR_RESEARCH/implementation_binding_evidence/gses_author_preflight_20261003_r9/vendor/STPG/inc/ConstrainedGraph/common.h:93:5: warning:   when initialized here [-Wreorder]
   93 |     IterationStats(int num_of_agents, int sum_of_costs, double runtime, const string& algorithm,
      |     ^~~~~~~~~~~~~~
/home/lyh/MAPF_PIED_MDDR_RESEARCH/implementation_binding_evidence/gses_author_preflight_20261003_r9/vendor/STPG/inc/ConstrainedGraph/common.h:90:9: warning: ‘ConstrainedGraph::IterationStats::sum_of_costs_lowerbound’ will be initialized after [-Wreorder]
   90 |     int sum_of_costs_lowerbound;
      |         ^~~~~~~~~~~~~~~~~~~~~~~
/home/lyh/MAPF_PIED_MDDR_RESEARCH/implementation_binding_evidence/gses_author_preflight_20261003_r9/vendor/STPG/inc/ConstrainedGraph/common.h:89:12: warning:   ‘std::string ConstrainedGraph::IterationStats::algorithm’ [-Wreorder]
   89 |     string algorithm;
      |            ^~~~~~~~~
/home/lyh/MAPF_PIED_MDDR_RESEARCH/implementation_binding_evidence/gses_author_preflight_20261003_r9/vendor/STPG/inc/ConstrainedGraph/common.h:93:5: warning:   when initialized here [-Wreorder]
   93 |     IterationStats(int num_of_agents, int sum_of_costs, double runtime, const string& algorithm,
      |     ^~~~~~~~~~~~~~
/home/lyh/MAPF_PIED_MDDR_RESEARCH/implementation_binding_evidence/gses_author_preflight_20261003_r9/vendor/STPG/src/ConstrainedGraph/CBS/CBSNode.cpp: In member function ‘void ConstrainedGraph::HLNode::printConstraints(int) const’:
/home/lyh/MAPF_PIED_MDDR_RESEARCH/implementation_binding_evidence/gses_author_preflight_20261003_r9/vendor/STPG/src/ConstrainedGraph/CBS/CBSNode.cpp:52:20: warning: enumeration value ‘CONSTRAINT_COUNT’ not handled in switch [-Wswitch]
   52 |             switch (type)
      |                    ^
In file included from /home/lyh/MAPF_PIED_MDDR_RESEARCH/implementation_binding_evidence/gses_author_preflight_20261003_r9/vendor/STPG/inc/ConstrainedGraph/CBS/Conflict.h:2,
                 from /home/lyh/MAPF_PIED_MDDR_RESEARCH/implementation_binding_evidence/gses_author_preflight_20261003_r9/vendor/STPG/src/ConstrainedGraph/CBS/Conflict.cpp:1:
/home/lyh/MAPF_PIED_MDDR_RESEARCH/implementation_binding_evidence/gses_author_preflight_20261003_r9/vendor/STPG/inc/ConstrainedGraph/common.h: In constructor ‘ConstrainedGraph::IterationStats::IterationStats(int, int, double, const string&, int, int, std::vector<std::vector<ConstrainedGraph::PathEntry> >)’:
/home/lyh/MAPF_PIED_MDDR_RESEARCH/implementation_binding_evidence/gses_author_preflight_20261003_r9/vendor/STPG/inc/ConstrainedGraph/common.h:88:9: warning: ‘ConstrainedGraph::IterationStats::num_of_agents’ will be initialized after [-Wreorder]
   88 |     int num_of_agents;
      |         ^~~~~~~~~~~~~
/home/lyh/MAPF_PIED_MDDR_RESEARCH/implementation_binding_evidence/gses_author_preflight_20261003_r9/vendor/STPG/inc/ConstrainedGraph/common.h:86:9: warning:   ‘int ConstrainedGraph::IterationStats::sum_of_costs’ [-Wreorder]
   86 |     int sum_of_costs;
      |         ^~~~~~~~~~~~
/home/lyh/MAPF_PIED_MDDR_RESEARCH/implementation_binding_evidence/gses_author_preflight_20261003_r9/vendor/STPG/inc/ConstrainedGraph/common.h:93:5: warning:   when initialized here [-Wreorder]
   93 |     IterationStats(int num_of_agents, int sum_of_costs, double runtime, const string& algorithm,
      |     ^~~~~~~~~~~~~~
/home/lyh/MAPF_PIED_MDDR_RESEARCH/implementation_binding_evidence/gses_author_preflight_20261003_r9/vendor/STPG/inc/ConstrainedGraph/common.h:90:9: warning: ‘ConstrainedGraph::IterationStats::sum_of_costs_lowerbound’ will be initialized after [-Wreorder]
   90 |     int sum_of_costs_lowerbound;
      |         ^~~~~~~~~~~~~~~~~~~~~~~
/home/lyh/MAPF_PIED_MDDR_RESEARCH/implementation_binding_evidence/gses_author_preflight_20261003_r9/vendor/STPG/inc/ConstrainedGraph/common.h:89:12: warning:   ‘std::string ConstrainedGraph::IterationStats::algorithm’ [-Wreorder]
   89 |     string algorithm;
      |            ^~~~~~~~~
/home/lyh/MAPF_PIED_MDDR_RESEARCH/implementation_binding_evidence/gses_author_preflight_20261003_r9/vendor/STPG/inc/ConstrainedGraph/common.h:93:5: warning:   when initialized here [-Wreorder]
   93 |     IterationStats(int num_of_agents, int sum_of_costs, double runtime, const string& algorithm,
      |     ^~~~~~~~~~~~~~
In file included from /home/lyh/MAPF_PIED_MDDR_RESEARCH/implementation_binding_evidence/gses_author_preflight_20261003_r9/vendor/STPG/inc/ConstrainedGraph/SingleAgentSolver.h:2,
                 from /home/lyh/MAPF_PIED_MDDR_RESEARCH/implementation_binding_evidence/gses_author_preflight_20261003_r9/vendor/STPG/inc/ConstrainedGraph/CBS/MDD.h:2,
                 from /home/lyh/MAPF_PIED_MDDR_RESEARCH/implementation_binding_evidence/gses_author_preflight_20261003_r9/vendor/STPG/inc/ConstrainedGraph/CBS/RectangleReasoning.h:2,
                 from /home/lyh/MAPF_PIED_MDDR_RESEARCH/implementation_binding_evidence/gses_author_preflight_20261003_r9/vendor/STPG/src/ConstrainedGraph/CBS/Conflict.cpp:2:
/home/lyh/MAPF_PIED_MDDR_RESEARCH/implementation_binding_evidence/gses_author_preflight_20261003_r9/vendor/STPG/inc/ConstrainedGraph/Instance.h: In member function ‘void ConstrainedGraph::Instance::updateStartLocations(std::vector<ConstrainedGraph::Location>)’:
/home/lyh/MAPF_PIED_MDDR_RESEARCH/implementation_binding_evidence/gses_author_preflight_20261003_r9/vendor/STPG/inc/ConstrainedGraph/Instance.h:97:27: warning: comparison of integer expressions of different signedness: ‘int’ and ‘std::vector<ConstrainedGraph::Location>::size_type’ {aka ‘long unsigned int’} [-Wsign-compare]
   97 |         for (int i = 0; i < new_starts.size(); i++)
      |                         ~~^~~~~~~~~~~~~~~~~~~
In file included from /home/lyh/MAPF_PIED_MDDR_RESEARCH/implementation_binding_evidence/gses_author_preflight_20261003_r9/vendor/STPG/inc/ConstrainedGraph/CBS/MDD.h:2,
                 from /home/lyh/MAPF_PIED_MDDR_RESEARCH/implementation_binding_evidence/gses_author_preflight_20261003_r9/vendor/STPG/inc/ConstrainedGraph/CBS/RectangleReasoning.h:2,
                 from /home/lyh/MAPF_PIED_MDDR_RESEARCH/implementation_binding_evidence/gses_author_preflight_20261003_r9/vendor/STPG/src/ConstrainedGraph/CBS/Conflict.cpp:2:
/home/lyh/MAPF_PIED_MDDR_RESEARCH/implementation_binding_evidence/gses_author_preflight_20261003_r9/vendor/STPG/inc/ConstrainedGraph/SingleAgentSolver.h: In constructor ‘ConstrainedGraph::SingleAgentSolver::SingleAgentSolver(ConstrainedGraph::Instance*, int)’:
/home/lyh/MAPF_PIED_MDDR_RESEARCH/implementation_binding_evidence/gses_author_preflight_20261003_r9/vendor/STPG/inc/ConstrainedGraph/SingleAgentSolver.h:141:19: warning: ‘ConstrainedGraph::SingleAgentSolver::agent’ will be initialized after [-Wreorder]
  141 |         const int agent;
      |                   ^~~~~
/home/lyh/MAPF_PIED_MDDR_RESEARCH/implementation_binding_evidence/gses_author_preflight_20261003_r9/vendor/STPG/inc/ConstrainedGraph/SingleAgentSolver.h:94:18: warning:   ‘ConstrainedGraph::Location ConstrainedGraph::SingleAgentSolver::start_location’ [-Wreorder]
   94 |         Location start_location;
      |                  ^~~~~~~~~~~~~~
/home/lyh/MAPF_PIED_MDDR_RESEARCH/implementation_binding_evidence/gses_author_preflight_20261003_r9/vendor/STPG/inc/ConstrainedGraph/SingleAgentSolver.h:123:9: warning:   when initialized here [-Wreorder]
  123 |         SingleAgentSolver(Instance *instance, int agent) :
      |         ^~~~~~~~~~~~~~~~~
/home/lyh/MAPF_PIED_MDDR_RESEARCH/implementation_binding_evidence/gses_author_preflight_20261003_r9/vendor/STPG/inc/ConstrainedGraph/SingleAgentSolver.h: In constructor ‘ConstrainedGraph::SingleAgentSolver::SingleAgentSolver(ConstrainedGraph::Instance*, int, ConstrainedGraph::Path&)’:
/home/lyh/MAPF_PIED_MDDR_RESEARCH/implementation_binding_evidence/gses_author_preflight_20261003_r9/vendor/STPG/inc/ConstrainedGraph/SingleAgentSolver.h:141:19: warning: ‘ConstrainedGraph::SingleAgentSolver::agent’ will be initialized after [-Wreorder]
  141 |         const int agent;
      |                   ^~~~~
/home/lyh/MAPF_PIED_MDDR_RESEARCH/implementation_binding_evidence/gses_author_preflight_20261003_r9/vendor/STPG/inc/ConstrainedGraph/SingleAgentSolver.h:94:18: warning:   ‘ConstrainedGraph::Location ConstrainedGraph::SingleAgentSolver::start_location’ [-Wreorder]
   94 |         Location start_location;
      |                  ^~~~~~~~~~~~~~
/home/lyh/MAPF_PIED_MDDR_RESEARCH/implementation_binding_evidence/gses_author_preflight_20261003_r9/vendor/STPG/inc/ConstrainedGraph/SingleAgentSolver.h:131:9: warning:   when initialized here [-Wreorder]
  131 |         SingleAgentSolver(Instance *instance, int agent, Path &path) :
      |         ^~~~~~~~~~~~~~~~~
/home/lyh/MAPF_PIED_MDDR_RESEARCH/implementation_binding_evidence/gses_author_preflight_20261003_r9/vendor/STPG/src/ConstrainedGraph/CBS/Conflict.cpp: In function ‘std::ostream& ConstrainedGraph::operator<<(std::ostream&, const Constraint&)’:
/home/lyh/MAPF_PIED_MDDR_RESEARCH/implementation_binding_evidence/gses_author_preflight_20261003_r9/vendor/STPG/src/ConstrainedGraph/CBS/Conflict.cpp:11:16: warning: enumeration value ‘CONSTRAINT_COUNT’ not handled in switch [-Wswitch]
   11 |         switch (get<4>(constraint))
      |                ^
/home/lyh/MAPF_PIED_MDDR_RESEARCH/implementation_binding_evidence/gses_author_preflight_20261003_r9/vendor/STPG/src/ConstrainedGraph/CBS/Conflict.cpp: In function ‘std::ostream& ConstrainedGraph::operator<<(std::ostream&, const ConstrainedGraph::Conflict&)’:
/home/lyh/MAPF_PIED_MDDR_RESEARCH/implementation_binding_evidence/gses_author_preflight_20261003_r9/vendor/STPG/src/ConstrainedGraph/CBS/Conflict.cpp:45:16: warning: enumeration value ‘UNKNOWN’ not handled in switch [-Wswitch]
   45 |         switch (conflict.priority)
      |                ^
In file included from /home/lyh/MAPF_PIED_MDDR_RESEARCH/implementation_binding_evidence/gses_author_preflight_20261003_r9/vendor/STPG/inc/ConstrainedGraph/Instance.h:2,
                 from /home/lyh/MAPF_PIED_MDDR_RESEARCH/implementation_binding_evidence/gses_author_preflight_20261003_r9/vendor/STPG/inc/ConstrainedGraph/SingleAgentSolver.h:2,
                 from /home/lyh/MAPF_PIED_MDDR_RESEARCH/implementation_binding_evidence/gses_author_preflight_20261003_r9/vendor/STPG/inc/ConstrainedGraph/CBS/MDD.h:2,
                 from /home/lyh/MAPF_PIED_MDDR_RESEARCH/implementation_binding_evidence/gses_author_preflight_20261003_r9/vendor/STPG/inc/ConstrainedGraph/CBS/ConstraintPropagation.h:4,
                 from /home/lyh/MAPF_PIED_MDDR_RESEARCH/implementation_binding_evidence/gses_author_preflight_20261003_r9/vendor/STPG/src/ConstrainedGraph/CBS/ConstraintPropagation.cpp:4:
/home/lyh/MAPF_PIED_MDDR_RESEARCH/implementation_binding_evidence/gses_author_preflight_20261003_r9/vendor/STPG/inc/ConstrainedGraph/common.h: In constructor ‘ConstrainedGraph::IterationStats::IterationStats(int, int, double, const string&, int, int, std::vector<std::vector<ConstrainedGraph::PathEntry> >)’:
/home/lyh/MAPF_PIED_MDDR_RESEARCH/implementation_binding_evidence/gses_author_preflight_20261003_r9/vendor/STPG/inc/ConstrainedGraph/common.h:88:9: warning: ‘ConstrainedGraph::IterationStats::num_of_agents’ will be initialized after [-Wreorder]
   88 |     int num_of_agents;
      |         ^~~~~~~~~~~~~
/home/lyh/MAPF_PIED_MDDR_RESEARCH/implementation_binding_evidence/gses_author_preflight_20261003_r9/vendor/STPG/inc/ConstrainedGraph/common.h:86:9: warning:   ‘int ConstrainedGraph::IterationStats::sum_of_costs’ [-Wreorder]
   86 |     int sum_of_costs;
      |         ^~~~~~~~~~~~
/home/lyh/MAPF_PIED_MDDR_RESEARCH/implementation_binding_evidence/gses_author_preflight_20261003_r9/vendor/STPG/inc/ConstrainedGraph/common.h:93:5: warning:   when initialized here [-Wreorder]
   93 |     IterationStats(int num_of_agents, int sum_of_costs, double runtime, const string& algorithm,
      |     ^~~~~~~~~~~~~~
/home/lyh/MAPF_PIED_MDDR_RESEARCH/implementation_binding_evidence/gses_author_preflight_20261003_r9/vendor/STPG/inc/ConstrainedGraph/common.h:90:9: warning: ‘ConstrainedGraph::IterationStats::sum_of_costs_lowerbound’ will be initialized after [-Wreorder]
   90 |     int sum_of_costs_lowerbound;
      |         ^~~~~~~~~~~~~~~~~~~~~~~
/home/lyh/MAPF_PIED_MDDR_RESEARCH/implementation_binding_evidence/gses_author_preflight_20261003_r9/vendor/STPG/inc/ConstrainedGraph/common.h:89:12: warning:   ‘std::string ConstrainedGraph::IterationStats::algorithm’ [-Wreorder]
   89 |     string algorithm;
      |            ^~~~~~~~~
/home/lyh/MAPF_PIED_MDDR_RESEARCH/implementation_binding_evidence/gses_author_preflight_20261003_r9/vendor/STPG/inc/ConstrainedGraph/common.h:93:5: warning:   when initialized here [-Wreorder]
   93 |     IterationStats(int num_of_agents, int sum_of_costs, double runtime, const string& algorithm,
      |     ^~~~~~~~~~~~~~
In file included from /home/lyh/MAPF_PIED_MDDR_RESEARCH/implementation_binding_evidence/gses_author_preflight_20261003_r9/vendor/STPG/inc/ConstrainedGraph/SingleAgentSolver.h:2,
                 from /home/lyh/MAPF_PIED_MDDR_RESEARCH/implementation_binding_evidence/gses_author_preflight_20261003_r9/vendor/STPG/inc/ConstrainedGraph/CBS/MDD.h:2,
                 from /home/lyh/MAPF_PIED_MDDR_RESEARCH/implementation_binding_evidence/gses_author_preflight_20261003_r9/vendor/STPG/inc/ConstrainedGraph/CBS/ConstraintPropagation.h:4,
                 from /home/lyh/MAPF_PIED_MDDR_RESEARCH/implementation_binding_evidence/gses_author_preflight_20261003_r9/vendor/STPG/src/ConstrainedGraph/CBS/ConstraintPropagation.cpp:4:
/home/lyh/MAPF_PIED_MDDR_RESEARCH/implementation_binding_evidence/gses_author_preflight_20261003_r9/vendor/STPG/inc/ConstrainedGraph/Instance.h: In member function ‘void ConstrainedGraph::Instance::updateStartLocations(std::vector<ConstrainedGraph::Location>)’:
/home/lyh/MAPF_PIED_MDDR_RESEARCH/implementation_binding_evidence/gses_author_preflight_20261003_r9/vendor/STPG/inc/ConstrainedGraph/Instance.h:97:27: warning: comparison of integer expressions of different signedness: ‘int’ and ‘std::vector<ConstrainedGraph::Location>::size_type’ {aka ‘long unsigned int’} [-Wsign-compare]
   97 |         for (int i = 0; i < new_starts.size(); i++)
      |                         ~~^~~~~~~~~~~~~~~~~~~
In file included from /home/lyh/MAPF_PIED_MDDR_RESEARCH/implementation_binding_evidence/gses_author_preflight_20261003_r9/vendor/STPG/inc/ConstrainedGraph/CBS/MDD.h:2,
                 from /home/lyh/MAPF_PIED_MDDR_RESEARCH/implementation_binding_evidence/gses_author_preflight_20261003_r9/vendor/STPG/inc/ConstrainedGraph/CBS/ConstraintPropagation.h:4,
                 from /home/lyh/MAPF_PIED_MDDR_RESEARCH/implementation_binding_evidence/gses_author_preflight_20261003_r9/vendor/STPG/src/ConstrainedGraph/CBS/ConstraintPropagation.cpp:4:
/home/lyh/MAPF_PIED_MDDR_RESEARCH/implementation_binding_evidence/gses_author_preflight_20261003_r9/vendor/STPG/inc/ConstrainedGraph/SingleAgentSolver.h: In constructor ‘ConstrainedGraph::SingleAgentSolver::SingleAgentSolver(ConstrainedGraph::Instance*, int)’:
/home/lyh/MAPF_PIED_MDDR_RESEARCH/implementation_binding_evidence/gses_author_preflight_20261003_r9/vendor/STPG/inc/ConstrainedGraph/SingleAgentSolver.h:141:19: warning: ‘ConstrainedGraph::SingleAgentSolver::agent’ will be initialized after [-Wreorder]
  141 |         const int agent;
      |                   ^~~~~
/home/lyh/MAPF_PIED_MDDR_RESEARCH/implementation_binding_evidence/gses_author_preflight_20261003_r9/vendor/STPG/inc/ConstrainedGraph/SingleAgentSolver.h:94:18: warning:   ‘ConstrainedGraph::Location ConstrainedGraph::SingleAgentSolver::start_location’ [-Wreorder]
   94 |         Location start_location;
      |                  ^~~~~~~~~~~~~~
/home/lyh/MAPF_PIED_MDDR_RESEARCH/implementation_binding_evidence/gses_author_preflight_20261003_r9/vendor/STPG/inc/ConstrainedGraph/SingleAgentSolver.h:123:9: warning:   when initialized here [-Wreorder]
  123 |         SingleAgentSolver(Instance *instance, int agent) :
      |         ^~~~~~~~~~~~~~~~~
/home/lyh/MAPF_PIED_MDDR_RESEARCH/implementation_binding_evidence/gses_author_preflight_20261003_r9/vendor/STPG/inc/ConstrainedGraph/SingleAgentSolver.h: In constructor ‘ConstrainedGraph::SingleAgentSolver::SingleAgentSolver(ConstrainedGraph::Instance*, int, ConstrainedGraph::Path&)’:
/home/lyh/MAPF_PIED_MDDR_RESEARCH/implementation_binding_evidence/gses_author_preflight_20261003_r9/vendor/STPG/inc/ConstrainedGraph/SingleAgentSolver.h:141:19: warning: ‘ConstrainedGraph::SingleAgentSolver::agent’ will be initialized after [-Wreorder]
  141 |         const int agent;
      |                   ^~~~~
/home/lyh/MAPF_PIED_MDDR_RESEARCH/implementation_binding_evidence/gses_author_preflight_20261003_r9/vendor/STPG/inc/ConstrainedGraph/SingleAgentSolver.h:94:18: warning:   ‘ConstrainedGraph::Location ConstrainedGraph::SingleAgentSolver::start_location’ [-Wreorder]
   94 |         Location start_location;
      |                  ^~~~~~~~~~~~~~
/home/lyh/MAPF_PIED_MDDR_RESEARCH/implementation_binding_evidence/gses_author_preflight_20261003_r9/vendor/STPG/inc/ConstrainedGraph/SingleAgentSolver.h:131:9: warning:   when initialized here [-Wreorder]
  131 |         SingleAgentSolver(Instance *instance, int agent, Path &path) :
      |         ^~~~~~~~~~~~~~~~~
/home/lyh/MAPF_PIED_MDDR_RESEARCH/implementation_binding_evidence/gses_author_preflight_20261003_r9/vendor/STPG/src/ConstrainedGraph/CBS/ConstraintPropagation.cpp: In member function ‘bool ConstrainedGraph::ConstraintPropagation::mutexed(int, int)’:
/home/lyh/MAPF_PIED_MDDR_RESEARCH/implementation_binding_evidence/gses_author_preflight_20261003_r9/vendor/STPG/src/ConstrainedGraph/CBS/ConstraintPropagation.cpp:256:15: warning: comparison of integer expressions of different signedness: ‘int’ and ‘std::vector<std::__cxx11::list<ConstrainedGraph::MDDNode*> >::size_type’ {aka ‘long unsigned int’} [-Wsign-compare]
  256 |   if (level_0 > mdd_s->levels.size()){
      |       ~~~~~~~~^~~~~~~~~~~~~~~~~~~~~~
/home/lyh/MAPF_PIED_MDDR_RESEARCH/implementation_binding_evidence/gses_author_preflight_20261003_r9/vendor/STPG/src/ConstrainedGraph/CBS/ConstraintPropagation.cpp:259:15: warning: comparison of integer expressions of different signedness: ‘int’ and ‘std::vector<std::__cxx11::list<ConstrainedGraph::MDDNode*> >::size_type’ {aka ‘long unsigned int’} [-Wsign-compare]
  259 |   if (level_1 > mdd_l->levels.size()){
      |       ~~~~~~~~^~~~~~~~~~~~~~~~~~~~~~
/home/lyh/MAPF_PIED_MDDR_RESEARCH/implementation_binding_evidence/gses_author_preflight_20261003_r9/vendor/STPG/src/ConstrainedGraph/CBS/ConstraintPropagation.cpp: In member function ‘int ConstrainedGraph::ConstraintPropagation::_feasible(int, int)’:
/home/lyh/MAPF_PIED_MDDR_RESEARCH/implementation_binding_evidence/gses_author_preflight_20261003_r9/vendor/STPG/src/ConstrainedGraph/CBS/ConstraintPropagation.cpp:285:15: warning: comparison of integer expressions of different signedness: ‘int’ and ‘std::vector<std::__cxx11::list<ConstrainedGraph::MDDNode*> >::size_type’ {aka ‘long unsigned int’} [-Wsign-compare]
  285 |   if (level_0 > mdd_s->levels.size()){
      |       ~~~~~~~~^~~~~~~~~~~~~~~~~~~~~~
/home/lyh/MAPF_PIED_MDDR_RESEARCH/implementation_binding_evidence/gses_author_preflight_20261003_r9/vendor/STPG/src/ConstrainedGraph/CBS/ConstraintPropagation.cpp:288:15: warning: comparison of integer expressions of different signedness: ‘int’ and ‘std::vector<std::__cxx11::list<ConstrainedGraph::MDDNode*> >::size_type’ {aka ‘long unsigned int’} [-Wsign-compare]
  288 |   if (level_1 > mdd_l->levels.size()){
      |       ~~~~~~~~^~~~~~~~~~~~~~~~~~~~~~
In file included from /home/lyh/MAPF_PIED_MDDR_RESEARCH/implementation_binding_evidence/gses_author_preflight_20261003_r9/vendor/STPG/inc/ConstrainedGraph/ConstraintTable.h:2,
                 from /home/lyh/MAPF_PIED_MDDR_RESEARCH/implementation_binding_evidence/gses_author_preflight_20261003_r9/vendor/STPG/inc/ConstrainedGraph/ReservationTable.h:3,
                 from /home/lyh/MAPF_PIED_MDDR_RESEARCH/implementation_binding_evidence/gses_author_preflight_20261003_r9/vendor/STPG/inc/ConstrainedGraph/CBS/CorridorReasoning.h:2,
                 from /home/lyh/MAPF_PIED_MDDR_RESEARCH/implementation_binding_evidence/gses_author_preflight_20261003_r9/vendor/STPG/src/ConstrainedGraph/CBS/CorridorReasoning.cpp:1:
/home/lyh/MAPF_PIED_MDDR_RESEARCH/implementation_binding_evidence/gses_author_preflight_20261003_r9/vendor/STPG/inc/ConstrainedGraph/common.h: In constructor ‘ConstrainedGraph::IterationStats::IterationStats(int, int, double, const string&, int, int, std::vector<std::vector<ConstrainedGraph::PathEntry> >)’:
/home/lyh/MAPF_PIED_MDDR_RESEARCH/implementation_binding_evidence/gses_author_preflight_20261003_r9/vendor/STPG/inc/ConstrainedGraph/common.h:88:9: warning: ‘ConstrainedGraph::IterationStats::num_of_agents’ will be initialized after [-Wreorder]
   88 |     int num_of_agents;
      |         ^~~~~~~~~~~~~
/home/lyh/MAPF_PIED_MDDR_RESEARCH/implementation_binding_evidence/gses_author_preflight_20261003_r9/vendor/STPG/inc/ConstrainedGraph/common.h:86:9: warning:   ‘int ConstrainedGraph::IterationStats::sum_of_costs’ [-Wreorder]
   86 |     int sum_of_costs;
      |         ^~~~~~~~~~~~
/home/lyh/MAPF_PIED_MDDR_RESEARCH/implementation_binding_evidence/gses_author_preflight_20261003_r9/vendor/STPG/inc/ConstrainedGraph/common.h:93:5: warning:   when initialized here [-Wreorder]
   93 |     IterationStats(int num_of_agents, int sum_of_costs, double runtime, const string& algorithm,
      |     ^~~~~~~~~~~~~~
/home/lyh/MAPF_PIED_MDDR_RESEARCH/implementation_binding_evidence/gses_author_preflight_20261003_r9/vendor/STPG/inc/ConstrainedGraph/common.h:90:9: warning: ‘ConstrainedGraph::IterationStats::sum_of_costs_lowerbound’ will be initialized after [-Wreorder]
   90 |     int sum_of_costs_lowerbound;
      |         ^~~~~~~~~~~~~~~~~~~~~~~
/home/lyh/MAPF_PIED_MDDR_RESEARCH/implementation_binding_evidence/gses_author_preflight_20261003_r9/vendor/STPG/inc/ConstrainedGraph/common.h:89:12: warning:   ‘std::string ConstrainedGraph::IterationStats::algorithm’ [-Wreorder]
   89 |     string algorithm;
      |            ^~~~~~~~~
/home/lyh/MAPF_PIED_MDDR_RESEARCH/implementation_binding_evidence/gses_author_preflight_20261003_r9/vendor/STPG/inc/ConstrainedGraph/common.h:93:5: warning:   when initialized here [-Wreorder]
   93 |     IterationStats(int num_of_agents, int sum_of_costs, double runtime, const string& algorithm,
      |     ^~~~~~~~~~~~~~
In file included from /home/lyh/MAPF_PIED_MDDR_RESEARCH/implementation_binding_evidence/gses_author_preflight_20261003_r9/vendor/STPG/inc/ConstrainedGraph/CBS/CorridorReasoning.h:3,
                 from /home/lyh/MAPF_PIED_MDDR_RESEARCH/implementation_binding_evidence/gses_author_preflight_20261003_r9/vendor/STPG/src/ConstrainedGraph/CBS/CorridorReasoning.cpp:1:
/home/lyh/MAPF_PIED_MDDR_RESEARCH/implementation_binding_evidence/gses_author_preflight_20261003_r9/vendor/STPG/inc/ConstrainedGraph/Instance.h: In member function ‘void ConstrainedGraph::Instance::updateStartLocations(std::vector<ConstrainedGraph::Location>)’:
/home/lyh/MAPF_PIED_MDDR_RESEARCH/implementation_binding_evidence/gses_author_preflight_20261003_r9/vendor/STPG/inc/ConstrainedGraph/Instance.h:97:27: warning: comparison of integer expressions of different signedness: ‘int’ and ‘std::vector<ConstrainedGraph::Location>::size_type’ {aka ‘long unsigned int’} [-Wsign-compare]
   97 |         for (int i = 0; i < new_starts.size(); i++)
      |                         ~~^~~~~~~~~~~~~~~~~~~
In file included from /home/lyh/MAPF_PIED_MDDR_RESEARCH/implementation_binding_evidence/gses_author_preflight_20261003_r9/vendor/STPG/inc/ConstrainedGraph/CBS/CorridorReasoning.h:4,
                 from /home/lyh/MAPF_PIED_MDDR_RESEARCH/implementation_binding_evidence/gses_author_preflight_20261003_r9/vendor/STPG/src/ConstrainedGraph/CBS/CorridorReasoning.cpp:1:
/home/lyh/MAPF_PIED_MDDR_RESEARCH/implementation_binding_evidence/gses_author_preflight_20261003_r9/vendor/STPG/inc/ConstrainedGraph/SingleAgentSolver.h: In constructor ‘ConstrainedGraph::SingleAgentSolver::SingleAgentSolver(ConstrainedGraph::Instance*, int)’:
/home/lyh/MAPF_PIED_MDDR_RESEARCH/implementation_binding_evidence/gses_author_preflight_20261003_r9/vendor/STPG/inc/ConstrainedGraph/SingleAgentSolver.h:141:19: warning: ‘ConstrainedGraph::SingleAgentSolver::agent’ will be initialized after [-Wreorder]
  141 |         const int agent;
      |                   ^~~~~
/home/lyh/MAPF_PIED_MDDR_RESEARCH/implementation_binding_evidence/gses_author_preflight_20261003_r9/vendor/STPG/inc/ConstrainedGraph/SingleAgentSolver.h:94:18: warning:   ‘ConstrainedGraph::Location ConstrainedGraph::SingleAgentSolver::start_location’ [-Wreorder]
   94 |         Location start_location;
      |                  ^~~~~~~~~~~~~~
/home/lyh/MAPF_PIED_MDDR_RESEARCH/implementation_binding_evidence/gses_author_preflight_20261003_r9/vendor/STPG/inc/ConstrainedGraph/SingleAgentSolver.h:123:9: warning:   when initialized here [-Wreorder]
  123 |         SingleAgentSolver(Instance *instance, int agent) :
      |         ^~~~~~~~~~~~~~~~~
/home/lyh/MAPF_PIED_MDDR_RESEARCH/implementation_binding_evidence/gses_author_preflight_20261003_r9/vendor/STPG/inc/ConstrainedGraph/SingleAgentSolver.h: In constructor ‘ConstrainedGraph::SingleAgentSolver::SingleAgentSolver(ConstrainedGraph::Instance*, int, ConstrainedGraph::Path&)’:
/home/lyh/MAPF_PIED_MDDR_RESEARCH/implementation_binding_evidence/gses_author_preflight_20261003_r9/vendor/STPG/inc/ConstrainedGraph/SingleAgentSolver.h:141:19: warning: ‘ConstrainedGraph::SingleAgentSolver::agent’ will be initialized after [-Wreorder]
  141 |         const int agent;
      |                   ^~~~~
/home/lyh/MAPF_PIED_MDDR_RESEARCH/implementation_binding_evidence/gses_author_preflight_20261003_r9/vendor/STPG/inc/ConstrainedGraph/SingleAgentSolver.h:94:18: warning:   ‘ConstrainedGraph::Location ConstrainedGraph::SingleAgentSolver::start_location’ [-Wreorder]
   94 |         Location start_location;
      |                  ^~~~~~~~~~~~~~
/home/lyh/MAPF_PIED_MDDR_RESEARCH/implementation_binding_evidence/gses_author_preflight_20261003_r9/vendor/STPG/inc/ConstrainedGraph/SingleAgentSolver.h:131:9: warning:   when initialized here [-Wreorder]
  131 |         SingleAgentSolver(Instance *instance, int agent, Path &path) :
      |         ^~~~~~~~~~~~~~~~~
In file included from /home/lyh/MAPF_PIED_MDDR_RESEARCH/implementation_binding_evidence/gses_author_preflight_20261003_r9/vendor/STPG/inc/ConstrainedGraph/Instance.h:2,
                 from /home/lyh/MAPF_PIED_MDDR_RESEARCH/implementation_binding_evidence/gses_author_preflight_20261003_r9/vendor/STPG/inc/ConstrainedGraph/SingleAgentSolver.h:2,
                 from /home/lyh/MAPF_PIED_MDDR_RESEARCH/implementation_binding_evidence/gses_author_preflight_20261003_r9/vendor/STPG/inc/ConstrainedGraph/CBS/MDD.h:2,
                 from /home/lyh/MAPF_PIED_MDDR_RESEARCH/implementation_binding_evidence/gses_author_preflight_20261003_r9/vendor/STPG/inc/ConstrainedGraph/CBS/IncrementalPairwiseMutexPropagation.h:2,
                 from /home/lyh/MAPF_PIED_MDDR_RESEARCH/implementation_binding_evidence/gses_author_preflight_20261003_r9/vendor/STPG/src/ConstrainedGraph/CBS/IncrementalPairwiseMutexPropagation.cpp:1:
/home/lyh/MAPF_PIED_MDDR_RESEARCH/implementation_binding_evidence/gses_author_preflight_20261003_r9/vendor/STPG/inc/ConstrainedGraph/common.h: In constructor ‘ConstrainedGraph::IterationStats::IterationStats(int, int, double, const string&, int, int, std::vector<std::vector<ConstrainedGraph::PathEntry> >)’:
/home/lyh/MAPF_PIED_MDDR_RESEARCH/implementation_binding_evidence/gses_author_preflight_20261003_r9/vendor/STPG/inc/ConstrainedGraph/common.h:88:9: warning: ‘ConstrainedGraph::IterationStats::num_of_agents’ will be initialized after [-Wreorder]
   88 |     int num_of_agents;
      |         ^~~~~~~~~~~~~
/home/lyh/MAPF_PIED_MDDR_RESEARCH/implementation_binding_evidence/gses_author_preflight_20261003_r9/vendor/STPG/inc/ConstrainedGraph/common.h:86:9: warning:   ‘int ConstrainedGraph::IterationStats::sum_of_costs’ [-Wreorder]
   86 |     int sum_of_costs;
      |         ^~~~~~~~~~~~
/home/lyh/MAPF_PIED_MDDR_RESEARCH/implementation_binding_evidence/gses_author_preflight_20261003_r9/vendor/STPG/inc/ConstrainedGraph/common.h:93:5: warning:   when initialized here [-Wreorder]
   93 |     IterationStats(int num_of_agents, int sum_of_costs, double runtime, const string& algorithm,
      |     ^~~~~~~~~~~~~~
/home/lyh/MAPF_PIED_MDDR_RESEARCH/implementation_binding_evidence/gses_author_preflight_20261003_r9/vendor/STPG/inc/ConstrainedGraph/common.h:90:9: warning: ‘ConstrainedGraph::IterationStats::sum_of_costs_lowerbound’ will be initialized after [-Wreorder]
   90 |     int sum_of_costs_lowerbound;
      |         ^~~~~~~~~~~~~~~~~~~~~~~
/home/lyh/MAPF_PIED_MDDR_RESEARCH/implementation_binding_evidence/gses_author_preflight_20261003_r9/vendor/STPG/inc/ConstrainedGraph/common.h:89:12: warning:   ‘std::string ConstrainedGraph::IterationStats::algorithm’ [-Wreorder]
   89 |     string algorithm;
      |            ^~~~~~~~~
/home/lyh/MAPF_PIED_MDDR_RESEARCH/implementation_binding_evidence/gses_author_preflight_20261003_r9/vendor/STPG/inc/ConstrainedGraph/common.h:93:5: warning:   when initialized here [-Wreorder]
   93 |     IterationStats(int num_of_agents, int sum_of_costs, double runtime, const string& algorithm,
      |     ^~~~~~~~~~~~~~
In file included from /home/lyh/MAPF_PIED_MDDR_RESEARCH/implementation_binding_evidence/gses_author_preflight_20261003_r9/vendor/STPG/inc/ConstrainedGraph/SingleAgentSolver.h:2,
                 from /home/lyh/MAPF_PIED_MDDR_RESEARCH/implementation_binding_evidence/gses_author_preflight_20261003_r9/vendor/STPG/inc/ConstrainedGraph/CBS/MDD.h:2,
                 from /home/lyh/MAPF_PIED_MDDR_RESEARCH/implementation_binding_evidence/gses_author_preflight_20261003_r9/vendor/STPG/inc/ConstrainedGraph/CBS/IncrementalPairwiseMutexPropagation.h:2,
                 from /home/lyh/MAPF_PIED_MDDR_RESEARCH/implementation_binding_evidence/gses_author_preflight_20261003_r9/vendor/STPG/src/ConstrainedGraph/CBS/IncrementalPairwiseMutexPropagation.cpp:1:
/home/lyh/MAPF_PIED_MDDR_RESEARCH/implementation_binding_evidence/gses_author_preflight_20261003_r9/vendor/STPG/inc/ConstrainedGraph/Instance.h: In member function ‘void ConstrainedGraph::Instance::updateStartLocations(std::vector<ConstrainedGraph::Location>)’:
/home/lyh/MAPF_PIED_MDDR_RESEARCH/implementation_binding_evidence/gses_author_preflight_20261003_r9/vendor/STPG/inc/ConstrainedGraph/Instance.h:97:27: warning: comparison of integer expressions of different signedness: ‘int’ and ‘std::vector<ConstrainedGraph::Location>::size_type’ {aka ‘long unsigned int’} [-Wsign-compare]
   97 |         for (int i = 0; i < new_starts.size(); i++)
      |                         ~~^~~~~~~~~~~~~~~~~~~
In file included from /home/lyh/MAPF_PIED_MDDR_RESEARCH/implementation_binding_evidence/gses_author_preflight_20261003_r9/vendor/STPG/inc/ConstrainedGraph/CBS/MDD.h:2,
                 from /home/lyh/MAPF_PIED_MDDR_RESEARCH/implementation_binding_evidence/gses_author_preflight_20261003_r9/vendor/STPG/inc/ConstrainedGraph/CBS/IncrementalPairwiseMutexPropagation.h:2,
                 from /home/lyh/MAPF_PIED_MDDR_RESEARCH/implementation_binding_evidence/gses_author_preflight_20261003_r9/vendor/STPG/src/ConstrainedGraph/CBS/IncrementalPairwiseMutexPropagation.cpp:1:
/home/lyh/MAPF_PIED_MDDR_RESEARCH/implementation_binding_evidence/gses_author_preflight_20261003_r9/vendor/STPG/inc/ConstrainedGraph/SingleAgentSolver.h: In constructor ‘ConstrainedGraph::SingleAgentSolver::SingleAgentSolver(ConstrainedGraph::Instance*, int)’:
/home/lyh/MAPF_PIED_MDDR_RESEARCH/implementation_binding_evidence/gses_author_preflight_20261003_r9/vendor/STPG/inc/ConstrainedGraph/SingleAgentSolver.h:141:19: warning: ‘ConstrainedGraph::SingleAgentSolver::agent’ will be initialized after [-Wreorder]
  141 |         const int agent;
      |                   ^~~~~
/home/lyh/MAPF_PIED_MDDR_RESEARCH/implementation_binding_evidence/gses_author_preflight_20261003_r9/vendor/STPG/inc/ConstrainedGraph/SingleAgentSolver.h:94:18: warning:   ‘ConstrainedGraph::Location ConstrainedGraph::SingleAgentSolver::start_location’ [-Wreorder]
   94 |         Location start_location;
      |                  ^~~~~~~~~~~~~~
/home/lyh/MAPF_PIED_MDDR_RESEARCH/implementation_binding_evidence/gses_author_preflight_20261003_r9/vendor/STPG/inc/ConstrainedGraph/SingleAgentSolver.h:123:9: warning:   when initialized here [-Wreorder]
  123 |         SingleAgentSolver(Instance *instance, int agent) :
      |         ^~~~~~~~~~~~~~~~~
/home/lyh/MAPF_PIED_MDDR_RESEARCH/implementation_binding_evidence/gses_author_preflight_20261003_r9/vendor/STPG/inc/ConstrainedGraph/SingleAgentSolver.h: In constructor ‘ConstrainedGraph::SingleAgentSolver::SingleAgentSolver(ConstrainedGraph::Instance*, int, ConstrainedGraph::Path&)’:
/home/lyh/MAPF_PIED_MDDR_RESEARCH/implementation_binding_evidence/gses_author_preflight_20261003_r9/vendor/STPG/inc/ConstrainedGraph/SingleAgentSolver.h:141:19: warning: ‘ConstrainedGraph::SingleAgentSolver::agent’ will be initialized after [-Wreorder]
  141 |         const int agent;
      |                   ^~~~~
/home/lyh/MAPF_PIED_MDDR_RESEARCH/implementation_binding_evidence/gses_author_preflight_20261003_r9/vendor/STPG/inc/ConstrainedGraph/SingleAgentSolver.h:94:18: warning:   ‘ConstrainedGraph::Location ConstrainedGraph::SingleAgentSolver::start_location’ [-Wreorder]
   94 |         Location start_location;
      |                  ^~~~~~~~~~~~~~
/home/lyh/MAPF_PIED_MDDR_RESEARCH/implementation_binding_evidence/gses_author_preflight_20261003_r9/vendor/STPG/inc/ConstrainedGraph/SingleAgentSolver.h:131:9: warning:   when initialized here [-Wreorder]
  131 |         SingleAgentSolver(Instance *instance, int agent, Path &path) :
      |         ^~~~~~~~~~~~~~~~~
In file included from /home/lyh/MAPF_PIED_MDDR_RESEARCH/implementation_binding_evidence/gses_author_preflight_20261003_r9/vendor/STPG/inc/ConstrainedGraph/Instance.h:2,
                 from /home/lyh/MAPF_PIED_MDDR_RESEARCH/implementation_binding_evidence/gses_author_preflight_20261003_r9/vendor/STPG/inc/ConstrainedGraph/SingleAgentSolver.h:2,
                 from /home/lyh/MAPF_PIED_MDDR_RESEARCH/implementation_binding_evidence/gses_author_preflight_20261003_r9/vendor/STPG/inc/ConstrainedGraph/CBS/MDD.h:2,
                 from /home/lyh/MAPF_PIED_MDDR_RESEARCH/implementation_binding_evidence/gses_author_preflight_20261003_r9/vendor/STPG/src/ConstrainedGraph/CBS/MDD.cpp:1:
/home/lyh/MAPF_PIED_MDDR_RESEARCH/implementation_binding_evidence/gses_author_preflight_20261003_r9/vendor/STPG/inc/ConstrainedGraph/common.h: In constructor ‘ConstrainedGraph::IterationStats::IterationStats(int, int, double, const string&, int, int, std::vector<std::vector<ConstrainedGraph::PathEntry> >)’:
/home/lyh/MAPF_PIED_MDDR_RESEARCH/implementation_binding_evidence/gses_author_preflight_20261003_r9/vendor/STPG/inc/ConstrainedGraph/common.h:88:9: warning: ‘ConstrainedGraph::IterationStats::num_of_agents’ will be initialized after [-Wreorder]
   88 |     int num_of_agents;
      |         ^~~~~~~~~~~~~
/home/lyh/MAPF_PIED_MDDR_RESEARCH/implementation_binding_evidence/gses_author_preflight_20261003_r9/vendor/STPG/inc/ConstrainedGraph/common.h:86:9: warning:   ‘int ConstrainedGraph::IterationStats::sum_of_costs’ [-Wreorder]
   86 |     int sum_of_costs;
      |         ^~~~~~~~~~~~
/home/lyh/MAPF_PIED_MDDR_RESEARCH/implementation_binding_evidence/gses_author_preflight_20261003_r9/vendor/STPG/inc/ConstrainedGraph/common.h:93:5: warning:   when initialized here [-Wreorder]
   93 |     IterationStats(int num_of_agents, int sum_of_costs, double runtime, const string& algorithm,
      |     ^~~~~~~~~~~~~~
/home/lyh/MAPF_PIED_MDDR_RESEARCH/implementation_binding_evidence/gses_author_preflight_20261003_r9/vendor/STPG/inc/ConstrainedGraph/common.h:90:9: warning: ‘ConstrainedGraph::IterationStats::sum_of_costs_lowerbound’ will be initialized after [-Wreorder]
   90 |     int sum_of_costs_lowerbound;
      |         ^~~~~~~~~~~~~~~~~~~~~~~
/home/lyh/MAPF_PIED_MDDR_RESEARCH/implementation_binding_evidence/gses_author_preflight_20261003_r9/vendor/STPG/inc/ConstrainedGraph/common.h:89:12: warning:   ‘std::string ConstrainedGraph::IterationStats::algorithm’ [-Wreorder]
   89 |     string algorithm;
      |            ^~~~~~~~~
/home/lyh/MAPF_PIED_MDDR_RESEARCH/implementation_binding_evidence/gses_author_preflight_20261003_r9/vendor/STPG/inc/ConstrainedGraph/common.h:93:5: warning:   when initialized here [-Wreorder]
   93 |     IterationStats(int num_of_agents, int sum_of_costs, double runtime, const string& algorithm,
      |     ^~~~~~~~~~~~~~
In file included from /home/lyh/MAPF_PIED_MDDR_RESEARCH/implementation_binding_evidence/gses_author_preflight_20261003_r9/vendor/STPG/inc/ConstrainedGraph/SingleAgentSolver.h:2,
                 from /home/lyh/MAPF_PIED_MDDR_RESEARCH/implementation_binding_evidence/gses_author_preflight_20261003_r9/vendor/STPG/inc/ConstrainedGraph/CBS/MDD.h:2,
                 from /home/lyh/MAPF_PIED_MDDR_RESEARCH/implementation_binding_evidence/gses_author_preflight_20261003_r9/vendor/STPG/src/ConstrainedGraph/CBS/MDD.cpp:1:
/home/lyh/MAPF_PIED_MDDR_RESEARCH/implementation_binding_evidence/gses_author_preflight_20261003_r9/vendor/STPG/inc/ConstrainedGraph/Instance.h: In member function ‘void ConstrainedGraph::Instance::updateStartLocations(std::vector<ConstrainedGraph::Location>)’:
/home/lyh/MAPF_PIED_MDDR_RESEARCH/implementation_binding_evidence/gses_author_preflight_20261003_r9/vendor/STPG/inc/ConstrainedGraph/Instance.h:97:27: warning: comparison of integer expressions of different signedness: ‘int’ and ‘std::vector<ConstrainedGraph::Location>::size_type’ {aka ‘long unsigned int’} [-Wsign-compare]
   97 |         for (int i = 0; i < new_starts.size(); i++)
      |                         ~~^~~~~~~~~~~~~~~~~~~
In file included from /home/lyh/MAPF_PIED_MDDR_RESEARCH/implementation_binding_evidence/gses_author_preflight_20261003_r9/vendor/STPG/inc/ConstrainedGraph/CBS/MDD.h:2,
                 from /home/lyh/MAPF_PIED_MDDR_RESEARCH/implementation_binding_evidence/gses_author_preflight_20261003_r9/vendor/STPG/src/ConstrainedGraph/CBS/MDD.cpp:1:
/home/lyh/MAPF_PIED_MDDR_RESEARCH/implementation_binding_evidence/gses_author_preflight_20261003_r9/vendor/STPG/inc/ConstrainedGraph/SingleAgentSolver.h: In constructor ‘ConstrainedGraph::SingleAgentSolver::SingleAgentSolver(ConstrainedGraph::Instance*, int)’:
/home/lyh/MAPF_PIED_MDDR_RESEARCH/implementation_binding_evidence/gses_author_preflight_20261003_r9/vendor/STPG/inc/ConstrainedGraph/SingleAgentSolver.h:141:19: warning: ‘ConstrainedGraph::SingleAgentSolver::agent’ will be initialized after [-Wreorder]
  141 |         const int agent;
      |                   ^~~~~
/home/lyh/MAPF_PIED_MDDR_RESEARCH/implementation_binding_evidence/gses_author_preflight_20261003_r9/vendor/STPG/inc/ConstrainedGraph/SingleAgentSolver.h:94:18: warning:   ‘ConstrainedGraph::Location ConstrainedGraph::SingleAgentSolver::start_location’ [-Wreorder]
   94 |         Location start_location;
      |                  ^~~~~~~~~~~~~~
/home/lyh/MAPF_PIED_MDDR_RESEARCH/implementation_binding_evidence/gses_author_preflight_20261003_r9/vendor/STPG/inc/ConstrainedGraph/SingleAgentSolver.h:123:9: warning:   when initialized here [-Wreorder]
  123 |         SingleAgentSolver(Instance *instance, int agent) :
      |         ^~~~~~~~~~~~~~~~~
/home/lyh/MAPF_PIED_MDDR_RESEARCH/implementation_binding_evidence/gses_author_preflight_20261003_r9/vendor/STPG/inc/ConstrainedGraph/SingleAgentSolver.h: In constructor ‘ConstrainedGraph::SingleAgentSolver::SingleAgentSolver(ConstrainedGraph::Instance*, int, ConstrainedGraph::Path&)’:
/home/lyh/MAPF_PIED_MDDR_RESEARCH/implementation_binding_evidence/gses_author_preflight_20261003_r9/vendor/STPG/inc/ConstrainedGraph/SingleAgentSolver.h:141:19: warning: ‘ConstrainedGraph::SingleAgentSolver::agent’ will be initialized after [-Wreorder]
  141 |         const int agent;
      |                   ^~~~~
/home/lyh/MAPF_PIED_MDDR_RESEARCH/implementation_binding_evidence/gses_author_preflight_20261003_r9/vendor/STPG/inc/ConstrainedGraph/SingleAgentSolver.h:94:18: warning:   ‘ConstrainedGraph::Location ConstrainedGraph::SingleAgentSolver::start_location’ [-Wreorder]
   94 |         Location start_location;
      |                  ^~~~~~~~~~~~~~
/home/lyh/MAPF_PIED_MDDR_RESEARCH/implementation_binding_evidence/gses_author_preflight_20261003_r9/vendor/STPG/inc/ConstrainedGraph/SingleAgentSolver.h:131:9: warning:   when initialized here [-Wreorder]
  131 |         SingleAgentSolver(Instance *instance, int agent, Path &path) :
      |         ^~~~~~~~~~~~~~~~~
/home/lyh/MAPF_PIED_MDDR_RESEARCH/implementation_binding_evidence/gses_author_preflight_20261003_r9/vendor/STPG/src/ConstrainedGraph/CBS/MDD.cpp: In member function ‘void ConstrainedGraph::MDD::increaseBy(const ConstrainedGraph::ConstraintTable&, int, ConstrainedGraph::SingleAgentSolver*)’:
/home/lyh/MAPF_PIED_MDDR_RESEARCH/implementation_binding_evidence/gses_author_preflight_20261003_r9/vendor/STPG/src/ConstrainedGraph/CBS/MDD.cpp:400:21: warning: comparison of integer expressions of different signedness: ‘int’ and ‘long unsigned int’ [-Wsign-compare]
  400 |   for (int l = 0; l < numOfLevels - 1; l++){
      |                   ~~^~~~~~~~~~~~~~~~~
/home/lyh/MAPF_PIED_MDDR_RESEARCH/implementation_binding_evidence/gses_author_preflight_20261003_r9/vendor/STPG/src/ConstrainedGraph/CBS/MDD.cpp:431:29: warning: comparison of integer expressions of different signedness: ‘int’ and ‘long unsigned int’ [-Wsign-compare]
  431 |   for (int l = oldHeight; l < numOfLevels; l++){
      |                           ~~^~~~~~~~~~~~~
/home/lyh/MAPF_PIED_MDDR_RESEARCH/implementation_binding_evidence/gses_author_preflight_20261003_r9/vendor/STPG/src/ConstrainedGraph/CBS/MDD.cpp:460:21: warning: comparison of integer expressions of different signedness: ‘int’ and ‘long unsigned int’ [-Wsign-compare]
  460 |   for (int l = 0; l < numOfLevels - 1; l++){
      |                   ~~^~~~~~~~~~~~~~~~~
/home/lyh/MAPF_PIED_MDDR_RESEARCH/implementation_binding_evidence/gses_author_preflight_20261003_r9/vendor/STPG/src/ConstrainedGraph/CBS/MDD.cpp: In member function ‘ConstrainedGraph::MDDNode* ConstrainedGraph::MDD::goalAt(int)’:
/home/lyh/MAPF_PIED_MDDR_RESEARCH/implementation_binding_evidence/gses_author_preflight_20261003_r9/vendor/STPG/src/ConstrainedGraph/CBS/MDD.cpp:473:13: warning: comparison of integer expressions of different signedness: ‘int’ and ‘std::vector<std::__cxx11::list<ConstrainedGraph::MDDNode*> >::size_type’ {aka ‘long unsigned int’} [-Wsign-compare]
  473 |   if (level >= levels.size()){return nullptr;}
      |       ~~~~~~^~~~~~~~~~~~~~~~
In file included from /home/lyh/MAPF_PIED_MDDR_RESEARCH/implementation_binding_evidence/gses_author_preflight_20261003_r9/vendor/STPG/inc/ConstrainedGraph/Instance.h:2,
                 from /home/lyh/MAPF_PIED_MDDR_RESEARCH/implementation_binding_evidence/gses_author_preflight_20261003_r9/vendor/STPG/inc/ConstrainedGraph/SingleAgentSolver.h:2,
                 from /home/lyh/MAPF_PIED_MDDR_RESEARCH/implementation_binding_evidence/gses_author_preflight_20261003_r9/vendor/STPG/inc/ConstrainedGraph/CBS/MDD.h:2,
                 from /home/lyh/MAPF_PIED_MDDR_RESEARCH/implementation_binding_evidence/gses_author_preflight_20261003_r9/vendor/STPG/inc/ConstrainedGraph/CBS/IncrementalPairwiseMutexPropagation.h:2,
                 from /home/lyh/MAPF_PIED_MDDR_RESEARCH/implementation_binding_evidence/gses_author_preflight_20261003_r9/vendor/STPG/inc/ConstrainedGraph/CBS/MutexReasoning.h:1,
                 from /home/lyh/MAPF_PIED_MDDR_RESEARCH/implementation_binding_evidence/gses_author_preflight_20261003_r9/vendor/STPG/src/ConstrainedGraph/CBS/MutexReasoning.cpp:1:
/home/lyh/MAPF_PIED_MDDR_RESEARCH/implementation_binding_evidence/gses_author_preflight_20261003_r9/vendor/STPG/inc/ConstrainedGraph/common.h: In constructor ‘ConstrainedGraph::IterationStats::IterationStats(int, int, double, const string&, int, int, std::vector<std::vector<ConstrainedGraph::PathEntry> >)’:
/home/lyh/MAPF_PIED_MDDR_RESEARCH/implementation_binding_evidence/gses_author_preflight_20261003_r9/vendor/STPG/inc/ConstrainedGraph/common.h:88:9: warning: ‘ConstrainedGraph::IterationStats::num_of_agents’ will be initialized after [-Wreorder]
   88 |     int num_of_agents;
      |         ^~~~~~~~~~~~~
/home/lyh/MAPF_PIED_MDDR_RESEARCH/implementation_binding_evidence/gses_author_preflight_20261003_r9/vendor/STPG/inc/ConstrainedGraph/common.h:86:9: warning:   ‘int ConstrainedGraph::IterationStats::sum_of_costs’ [-Wreorder]
   86 |     int sum_of_costs;
      |         ^~~~~~~~~~~~
/home/lyh/MAPF_PIED_MDDR_RESEARCH/implementation_binding_evidence/gses_author_preflight_20261003_r9/vendor/STPG/inc/ConstrainedGraph/common.h:93:5: warning:   when initialized here [-Wreorder]
   93 |     IterationStats(int num_of_agents, int sum_of_costs, double runtime, const string& algorithm,
      |     ^~~~~~~~~~~~~~
/home/lyh/MAPF_PIED_MDDR_RESEARCH/implementation_binding_evidence/gses_author_preflight_20261003_r9/vendor/STPG/inc/ConstrainedGraph/common.h:90:9: warning: ‘ConstrainedGraph::IterationStats::sum_of_costs_lowerbound’ will be initialized after [-Wreorder]
   90 |     int sum_of_costs_lowerbound;
      |         ^~~~~~~~~~~~~~~~~~~~~~~
/home/lyh/MAPF_PIED_MDDR_RESEARCH/implementation_binding_evidence/gses_author_preflight_20261003_r9/vendor/STPG/inc/ConstrainedGraph/common.h:89:12: warning:   ‘std::string ConstrainedGraph::IterationStats::algorithm’ [-Wreorder]
   89 |     string algorithm;
      |            ^~~~~~~~~
/home/lyh/MAPF_PIED_MDDR_RESEARCH/implementation_binding_evidence/gses_author_preflight_20261003_r9/vendor/STPG/inc/ConstrainedGraph/common.h:93:5: warning:   when initialized here [-Wreorder]
   93 |     IterationStats(int num_of_agents, int sum_of_costs, double runtime, const string& algorithm,
      |     ^~~~~~~~~~~~~~
In file included from /home/lyh/MAPF_PIED_MDDR_RESEARCH/implementation_binding_evidence/gses_author_preflight_20261003_r9/vendor/STPG/inc/ConstrainedGraph/SingleAgentSolver.h:2,
                 from /home/lyh/MAPF_PIED_MDDR_RESEARCH/implementation_binding_evidence/gses_author_preflight_20261003_r9/vendor/STPG/inc/ConstrainedGraph/CBS/MDD.h:2,
                 from /home/lyh/MAPF_PIED_MDDR_RESEARCH/implementation_binding_evidence/gses_author_preflight_20261003_r9/vendor/STPG/inc/ConstrainedGraph/CBS/IncrementalPairwiseMutexPropagation.h:2,
                 from /home/lyh/MAPF_PIED_MDDR_RESEARCH/implementation_binding_evidence/gses_author_preflight_20261003_r9/vendor/STPG/inc/ConstrainedGraph/CBS/MutexReasoning.h:1,
                 from /home/lyh/MAPF_PIED_MDDR_RESEARCH/implementation_binding_evidence/gses_author_preflight_20261003_r9/vendor/STPG/src/ConstrainedGraph/CBS/MutexReasoning.cpp:1:
/home/lyh/MAPF_PIED_MDDR_RESEARCH/implementation_binding_evidence/gses_author_preflight_20261003_r9/vendor/STPG/inc/ConstrainedGraph/Instance.h: In member function ‘void ConstrainedGraph::Instance::updateStartLocations(std::vector<ConstrainedGraph::Location>)’:
/home/lyh/MAPF_PIED_MDDR_RESEARCH/implementation_binding_evidence/gses_author_preflight_20261003_r9/vendor/STPG/inc/ConstrainedGraph/Instance.h:97:27: warning: comparison of integer expressions of different signedness: ‘int’ and ‘std::vector<ConstrainedGraph::Location>::size_type’ {aka ‘long unsigned int’} [-Wsign-compare]
   97 |         for (int i = 0; i < new_starts.size(); i++)
      |                         ~~^~~~~~~~~~~~~~~~~~~
In file included from /home/lyh/MAPF_PIED_MDDR_RESEARCH/implementation_binding_evidence/gses_author_preflight_20261003_r9/vendor/STPG/inc/ConstrainedGraph/CBS/MDD.h:2,
                 from /home/lyh/MAPF_PIED_MDDR_RESEARCH/implementation_binding_evidence/gses_author_preflight_20261003_r9/vendor/STPG/inc/ConstrainedGraph/CBS/IncrementalPairwiseMutexPropagation.h:2,
                 from /home/lyh/MAPF_PIED_MDDR_RESEARCH/implementation_binding_evidence/gses_author_preflight_20261003_r9/vendor/STPG/inc/ConstrainedGraph/CBS/MutexReasoning.h:1,
                 from /home/lyh/MAPF_PIED_MDDR_RESEARCH/implementation_binding_evidence/gses_author_preflight_20261003_r9/vendor/STPG/src/ConstrainedGraph/CBS/MutexReasoning.cpp:1:
/home/lyh/MAPF_PIED_MDDR_RESEARCH/implementation_binding_evidence/gses_author_preflight_20261003_r9/vendor/STPG/inc/ConstrainedGraph/SingleAgentSolver.h: In constructor ‘ConstrainedGraph::SingleAgentSolver::SingleAgentSolver(ConstrainedGraph::Instance*, int)’:
/home/lyh/MAPF_PIED_MDDR_RESEARCH/implementation_binding_evidence/gses_author_preflight_20261003_r9/vendor/STPG/inc/ConstrainedGraph/SingleAgentSolver.h:141:19: warning: ‘ConstrainedGraph::SingleAgentSolver::agent’ will be initialized after [-Wreorder]
  141 |         const int agent;
      |                   ^~~~~
/home/lyh/MAPF_PIED_MDDR_RESEARCH/implementation_binding_evidence/gses_author_preflight_20261003_r9/vendor/STPG/inc/ConstrainedGraph/SingleAgentSolver.h:94:18: warning:   ‘ConstrainedGraph::Location ConstrainedGraph::SingleAgentSolver::start_location’ [-Wreorder]
   94 |         Location start_location;
      |                  ^~~~~~~~~~~~~~
/home/lyh/MAPF_PIED_MDDR_RESEARCH/implementation_binding_evidence/gses_author_preflight_20261003_r9/vendor/STPG/inc/ConstrainedGraph/SingleAgentSolver.h:123:9: warning:   when initialized here [-Wreorder]
  123 |         SingleAgentSolver(Instance *instance, int agent) :
      |         ^~~~~~~~~~~~~~~~~
/home/lyh/MAPF_PIED_MDDR_RESEARCH/implementation_binding_evidence/gses_author_preflight_20261003_r9/vendor/STPG/inc/ConstrainedGraph/SingleAgentSolver.h: In constructor ‘ConstrainedGraph::SingleAgentSolver::SingleAgentSolver(ConstrainedGraph::Instance*, int, ConstrainedGraph::Path&)’:
/home/lyh/MAPF_PIED_MDDR_RESEARCH/implementation_binding_evidence/gses_author_preflight_20261003_r9/vendor/STPG/inc/ConstrainedGraph/SingleAgentSolver.h:141:19: warning: ‘ConstrainedGraph::SingleAgentSolver::agent’ will be initialized after [-Wreorder]
  141 |         const int agent;
      |                   ^~~~~
/home/lyh/MAPF_PIED_MDDR_RESEARCH/implementation_binding_evidence/gses_author_preflight_20261003_r9/vendor/STPG/inc/ConstrainedGraph/SingleAgentSolver.h:94:18: warning:   ‘ConstrainedGraph::Location ConstrainedGraph::SingleAgentSolver::start_location’ [-Wreorder]
   94 |         Location start_location;
      |                  ^~~~~~~~~~~~~~
/home/lyh/MAPF_PIED_MDDR_RESEARCH/implementation_binding_evidence/gses_author_preflight_20261003_r9/vendor/STPG/inc/ConstrainedGraph/SingleAgentSolver.h:131:9: warning:   when initialized here [-Wreorder]
  131 |         SingleAgentSolver(Instance *instance, int agent, Path &path) :
      |         ^~~~~~~~~~~~~~~~~
In file included from /home/lyh/MAPF_PIED_MDDR_RESEARCH/implementation_binding_evidence/gses_author_preflight_20261003_r9/vendor/STPG/inc/ConstrainedGraph/Instance.h:2,
                 from /home/lyh/MAPF_PIED_MDDR_RESEARCH/implementation_binding_evidence/gses_author_preflight_20261003_r9/vendor/STPG/inc/ConstrainedGraph/SingleAgentSolver.h:2,
                 from /home/lyh/MAPF_PIED_MDDR_RESEARCH/implementation_binding_evidence/gses_author_preflight_20261003_r9/vendor/STPG/inc/ConstrainedGraph/CBS/MDD.h:2,
                 from /home/lyh/MAPF_PIED_MDDR_RESEARCH/implementation_binding_evidence/gses_author_preflight_20261003_r9/vendor/STPG/inc/ConstrainedGraph/CBS/RectangleReasoning.h:2,
                 from /home/lyh/MAPF_PIED_MDDR_RESEARCH/implementation_binding_evidence/gses_author_preflight_20261003_r9/vendor/STPG/src/ConstrainedGraph/CBS/RectangleReasoning.cpp:1:
/home/lyh/MAPF_PIED_MDDR_RESEARCH/implementation_binding_evidence/gses_author_preflight_20261003_r9/vendor/STPG/inc/ConstrainedGraph/common.h: In constructor ‘ConstrainedGraph::IterationStats::IterationStats(int, int, double, const string&, int, int, std::vector<std::vector<ConstrainedGraph::PathEntry> >)’:
/home/lyh/MAPF_PIED_MDDR_RESEARCH/implementation_binding_evidence/gses_author_preflight_20261003_r9/vendor/STPG/inc/ConstrainedGraph/common.h:88:9: warning: ‘ConstrainedGraph::IterationStats::num_of_agents’ will be initialized after [-Wreorder]
   88 |     int num_of_agents;
      |         ^~~~~~~~~~~~~
/home/lyh/MAPF_PIED_MDDR_RESEARCH/implementation_binding_evidence/gses_author_preflight_20261003_r9/vendor/STPG/inc/ConstrainedGraph/common.h:86:9: warning:   ‘int ConstrainedGraph::IterationStats::sum_of_costs’ [-Wreorder]
   86 |     int sum_of_costs;
      |         ^~~~~~~~~~~~
/home/lyh/MAPF_PIED_MDDR_RESEARCH/implementation_binding_evidence/gses_author_preflight_20261003_r9/vendor/STPG/inc/ConstrainedGraph/common.h:93:5: warning:   when initialized here [-Wreorder]
   93 |     IterationStats(int num_of_agents, int sum_of_costs, double runtime, const string& algorithm,
      |     ^~~~~~~~~~~~~~
/home/lyh/MAPF_PIED_MDDR_RESEARCH/implementation_binding_evidence/gses_author_preflight_20261003_r9/vendor/STPG/inc/ConstrainedGraph/common.h:90:9: warning: ‘ConstrainedGraph::IterationStats::sum_of_costs_lowerbound’ will be initialized after [-Wreorder]
   90 |     int sum_of_costs_lowerbound;
      |         ^~~~~~~~~~~~~~~~~~~~~~~
/home/lyh/MAPF_PIED_MDDR_RESEARCH/implementation_binding_evidence/gses_author_preflight_20261003_r9/vendor/STPG/inc/ConstrainedGraph/common.h:89:12: warning:   ‘std::string ConstrainedGraph::IterationStats::algorithm’ [-Wreorder]
   89 |     string algorithm;
      |            ^~~~~~~~~
/home/lyh/MAPF_PIED_MDDR_RESEARCH/implementation_binding_evidence/gses_author_preflight_20261003_r9/vendor/STPG/inc/ConstrainedGraph/common.h:93:5: warning:   when initialized here [-Wreorder]
   93 |     IterationStats(int num_of_agents, int sum_of_costs, double runtime, const string& algorithm,
      |     ^~~~~~~~~~~~~~
In file included from /home/lyh/MAPF_PIED_MDDR_RESEARCH/implementation_binding_evidence/gses_author_preflight_20261003_r9/vendor/STPG/inc/ConstrainedGraph/SingleAgentSolver.h:2,
                 from /home/lyh/MAPF_PIED_MDDR_RESEARCH/implementation_binding_evidence/gses_author_preflight_20261003_r9/vendor/STPG/inc/ConstrainedGraph/CBS/MDD.h:2,
                 from /home/lyh/MAPF_PIED_MDDR_RESEARCH/implementation_binding_evidence/gses_author_preflight_20261003_r9/vendor/STPG/inc/ConstrainedGraph/CBS/RectangleReasoning.h:2,
                 from /home/lyh/MAPF_PIED_MDDR_RESEARCH/implementation_binding_evidence/gses_author_preflight_20261003_r9/vendor/STPG/src/ConstrainedGraph/CBS/RectangleReasoning.cpp:1:
/home/lyh/MAPF_PIED_MDDR_RESEARCH/implementation_binding_evidence/gses_author_preflight_20261003_r9/vendor/STPG/inc/ConstrainedGraph/Instance.h: In member function ‘void ConstrainedGraph::Instance::updateStartLocations(std::vector<ConstrainedGraph::Location>)’:
/home/lyh/MAPF_PIED_MDDR_RESEARCH/implementation_binding_evidence/gses_author_preflight_20261003_r9/vendor/STPG/inc/ConstrainedGraph/Instance.h:97:27: warning: comparison of integer expressions of different signedness: ‘int’ and ‘std::vector<ConstrainedGraph::Location>::size_type’ {aka ‘long unsigned int’} [-Wsign-compare]
   97 |         for (int i = 0; i < new_starts.size(); i++)
      |                         ~~^~~~~~~~~~~~~~~~~~~
In file included from /home/lyh/MAPF_PIED_MDDR_RESEARCH/implementation_binding_evidence/gses_author_preflight_20261003_r9/vendor/STPG/inc/ConstrainedGraph/ConstraintTable.h:2,
                 from /home/lyh/MAPF_PIED_MDDR_RESEARCH/implementation_binding_evidence/gses_author_preflight_20261003_r9/vendor/STPG/src/ConstrainedGraph/ConstraintTable.cpp:1:
/home/lyh/MAPF_PIED_MDDR_RESEARCH/implementation_binding_evidence/gses_author_preflight_20261003_r9/vendor/STPG/inc/ConstrainedGraph/common.h: In constructor ‘ConstrainedGraph::IterationStats::IterationStats(int, int, double, const string&, int, int, std::vector<std::vector<ConstrainedGraph::PathEntry> >)’:
/home/lyh/MAPF_PIED_MDDR_RESEARCH/implementation_binding_evidence/gses_author_preflight_20261003_r9/vendor/STPG/inc/ConstrainedGraph/common.h:88:9: warning: ‘ConstrainedGraph::IterationStats::num_of_agents’ will be initialized after [-Wreorder]
   88 |     int num_of_agents;
      |         ^~~~~~~~~~~~~
/home/lyh/MAPF_PIED_MDDR_RESEARCH/implementation_binding_evidence/gses_author_preflight_20261003_r9/vendor/STPG/inc/ConstrainedGraph/common.h:86:9: warning:   ‘int ConstrainedGraph::IterationStats::sum_of_costs’ [-Wreorder]
   86 |     int sum_of_costs;
      |         ^~~~~~~~~~~~
/home/lyh/MAPF_PIED_MDDR_RESEARCH/implementation_binding_evidence/gses_author_preflight_20261003_r9/vendor/STPG/inc/ConstrainedGraph/common.h:93:5: warning:   when initialized here [-Wreorder]
   93 |     IterationStats(int num_of_agents, int sum_of_costs, double runtime, const string& algorithm,
      |     ^~~~~~~~~~~~~~
/home/lyh/MAPF_PIED_MDDR_RESEARCH/implementation_binding_evidence/gses_author_preflight_20261003_r9/vendor/STPG/inc/ConstrainedGraph/common.h:90:9: warning: ‘ConstrainedGraph::IterationStats::sum_of_costs_lowerbound’ will be initialized after [-Wreorder]
   90 |     int sum_of_costs_lowerbound;
      |         ^~~~~~~~~~~~~~~~~~~~~~~
/home/lyh/MAPF_PIED_MDDR_RESEARCH/implementation_binding_evidence/gses_author_preflight_20261003_r9/vendor/STPG/inc/ConstrainedGraph/common.h:89:12: warning:   ‘std::string ConstrainedGraph::IterationStats::algorithm’ [-Wreorder]
   89 |     string algorithm;
      |            ^~~~~~~~~
/home/lyh/MAPF_PIED_MDDR_RESEARCH/implementation_binding_evidence/gses_author_preflight_20261003_r9/vendor/STPG/inc/ConstrainedGraph/common.h:93:5: warning:   when initialized here [-Wreorder]
   93 |     IterationStats(int num_of_agents, int sum_of_costs, double runtime, const string& algorithm,
      |     ^~~~~~~~~~~~~~
In file included from /home/lyh/MAPF_PIED_MDDR_RESEARCH/implementation_binding_evidence/gses_author_preflight_20261003_r9/vendor/STPG/inc/ConstrainedGraph/CBS/MDD.h:2,
                 from /home/lyh/MAPF_PIED_MDDR_RESEARCH/implementation_binding_evidence/gses_author_preflight_20261003_r9/vendor/STPG/inc/ConstrainedGraph/CBS/RectangleReasoning.h:2,
                 from /home/lyh/MAPF_PIED_MDDR_RESEARCH/implementation_binding_evidence/gses_author_preflight_20261003_r9/vendor/STPG/src/ConstrainedGraph/CBS/RectangleReasoning.cpp:1:
/home/lyh/MAPF_PIED_MDDR_RESEARCH/implementation_binding_evidence/gses_author_preflight_20261003_r9/vendor/STPG/inc/ConstrainedGraph/SingleAgentSolver.h: In constructor ‘ConstrainedGraph::SingleAgentSolver::SingleAgentSolver(ConstrainedGraph::Instance*, int)’:
/home/lyh/MAPF_PIED_MDDR_RESEARCH/implementation_binding_evidence/gses_author_preflight_20261003_r9/vendor/STPG/inc/ConstrainedGraph/SingleAgentSolver.h:141:19: warning: ‘ConstrainedGraph::SingleAgentSolver::agent’ will be initialized after [-Wreorder]
  141 |         const int agent;
      |                   ^~~~~
/home/lyh/MAPF_PIED_MDDR_RESEARCH/implementation_binding_evidence/gses_author_preflight_20261003_r9/vendor/STPG/inc/ConstrainedGraph/SingleAgentSolver.h:94:18: warning:   ‘ConstrainedGraph::Location ConstrainedGraph::SingleAgentSolver::start_location’ [-Wreorder]
   94 |         Location start_location;
      |                  ^~~~~~~~~~~~~~
/home/lyh/MAPF_PIED_MDDR_RESEARCH/implementation_binding_evidence/gses_author_preflight_20261003_r9/vendor/STPG/inc/ConstrainedGraph/SingleAgentSolver.h:123:9: warning:   when initialized here [-Wreorder]
  123 |         SingleAgentSolver(Instance *instance, int agent) :
      |         ^~~~~~~~~~~~~~~~~
/home/lyh/MAPF_PIED_MDDR_RESEARCH/implementation_binding_evidence/gses_author_preflight_20261003_r9/vendor/STPG/inc/ConstrainedGraph/SingleAgentSolver.h: In constructor ‘ConstrainedGraph::SingleAgentSolver::SingleAgentSolver(ConstrainedGraph::Instance*, int, ConstrainedGraph::Path&)’:
/home/lyh/MAPF_PIED_MDDR_RESEARCH/implementation_binding_evidence/gses_author_preflight_20261003_r9/vendor/STPG/inc/ConstrainedGraph/SingleAgentSolver.h:141:19: warning: ‘ConstrainedGraph::SingleAgentSolver::agent’ will be initialized after [-Wreorder]
  141 |         const int agent;
      |                   ^~~~~
/home/lyh/MAPF_PIED_MDDR_RESEARCH/implementation_binding_evidence/gses_author_preflight_20261003_r9/vendor/STPG/inc/ConstrainedGraph/SingleAgentSolver.h:94:18: warning:   ‘ConstrainedGraph::Location ConstrainedGraph::SingleAgentSolver::start_location’ [-Wreorder]
   94 |         Location start_location;
      |                  ^~~~~~~~~~~~~~
/home/lyh/MAPF_PIED_MDDR_RESEARCH/implementation_binding_evidence/gses_author_preflight_20261003_r9/vendor/STPG/inc/ConstrainedGraph/SingleAgentSolver.h:131:9: warning:   when initialized here [-Wreorder]
  131 |         SingleAgentSolver(Instance *instance, int agent, Path &path) :
      |         ^~~~~~~~~~~~~~~~~
/home/lyh/MAPF_PIED_MDDR_RESEARCH/implementation_binding_evidence/gses_author_preflight_20261003_r9/vendor/STPG/src/ConstrainedGraph/CBS/RectangleReasoning.cpp: In member function ‘std::shared_ptr<ConstrainedGraph::Conflict> ConstrainedGraph::RectangleReasoning::findRectangleConflictByGR(const std::vector<std::vector<ConstrainedGraph::PathEntry>*>&, int, int, int, const ConstrainedGraph::MDD*, const ConstrainedGraph::MDD*)’:
/home/lyh/MAPF_PIED_MDDR_RESEARCH/implementation_binding_evidence/gses_author_preflight_20261003_r9/vendor/STPG/src/ConstrainedGraph/CBS/RectangleReasoning.cpp:55:14: warning: variable ‘succ’ set but not used [-Wunused-but-set-variable]
   55 |         bool succ;
      |              ^~~~
/home/lyh/MAPF_PIED_MDDR_RESEARCH/implementation_binding_evidence/gses_author_preflight_20261003_r9/vendor/STPG/src/ConstrainedGraph/ConstraintTable.cpp: In member function ‘int ConstrainedGraph::ConstraintTable::getLastCollisionTimestep(int) const’:
/home/lyh/MAPF_PIED_MDDR_RESEARCH/implementation_binding_evidence/gses_author_preflight_20261003_r9/vendor/STPG/src/ConstrainedGraph/ConstraintTable.cpp:25:51: warning: comparison of integer expressions of different signedness: ‘long unsigned int’ and ‘int’ [-Wsign-compare]
   25 |         for (auto t = cat[location].size() - 1; t > rst; t--)
      |                                                 ~~^~~~~
/home/lyh/MAPF_PIED_MDDR_RESEARCH/implementation_binding_evidence/gses_author_preflight_20261003_r9/vendor/STPG/src/ConstrainedGraph/CBS/RectangleReasoning.cpp: In member function ‘bool ConstrainedGraph::RectangleReasoning::isEntryBarrier(const Constraint&, const Constraint&, int)’:
/home/lyh/MAPF_PIED_MDDR_RESEARCH/implementation_binding_evidence/gses_author_preflight_20261003_r9/vendor/STPG/src/ConstrainedGraph/CBS/RectangleReasoning.cpp:279:24: warning: variable ‘b2_u’ set but not used [-Wunused-but-set-variable]
  279 |         pair<int, int> b2_u = instance->getCoordinate(get<2>(b2));
      |                        ^~~~
/home/lyh/MAPF_PIED_MDDR_RESEARCH/implementation_binding_evidence/gses_author_preflight_20261003_r9/vendor/STPG/src/ConstrainedGraph/CBS/RectangleReasoning.cpp: In member function ‘bool ConstrainedGraph::RectangleReasoning::isExitBarrier(const Constraint&, const Constraint&, int)’:
/home/lyh/MAPF_PIED_MDDR_RESEARCH/implementation_binding_evidence/gses_author_preflight_20261003_r9/vendor/STPG/src/ConstrainedGraph/CBS/RectangleReasoning.cpp:297:24: warning: variable ‘b1_u’ set but not used [-Wunused-but-set-variable]
  297 |         pair<int, int> b1_u = instance->getCoordinate(get<2>(b1));
      |                        ^~~~
/home/lyh/MAPF_PIED_MDDR_RESEARCH/implementation_binding_evidence/gses_author_preflight_20261003_r9/vendor/STPG/src/ConstrainedGraph/CBS/RectangleReasoning.cpp:298:24: warning: variable ‘b2_l’ set but not used [-Wunused-but-set-variable]
  298 |         pair<int, int> b2_l = instance->getCoordinate(get<1>(b2));
      |                        ^~~~
/home/lyh/MAPF_PIED_MDDR_RESEARCH/implementation_binding_evidence/gses_author_preflight_20261003_r9/vendor/STPG/src/ConstrainedGraph/ConstraintTable.cpp: In member function ‘void ConstrainedGraph::ConstraintTable::insert2CT(const std::__cxx11::list<std::tuple<int, int, int, int, ConstrainedGraph::constraint_type> >&, int)’:
/home/lyh/MAPF_PIED_MDDR_RESEARCH/implementation_binding_evidence/gses_author_preflight_20261003_r9/vendor/STPG/src/ConstrainedGraph/ConstraintTable.cpp:68:12: warning: enumeration value ‘CONSTRAINT_COUNT’ not handled in switch [-Wswitch]
   68 |     switch (type)
      |            ^
/home/lyh/MAPF_PIED_MDDR_RESEARCH/implementation_binding_evidence/gses_author_preflight_20261003_r9/vendor/STPG/src/ConstrainedGraph/CBS/RectangleReasoning.cpp: In member function ‘bool ConstrainedGraph::RectangleReasoning::hasNodeOnBarrier(const ConstrainedGraph::MDD*, int, int, int, int, bool) const’:
/home/lyh/MAPF_PIED_MDDR_RESEARCH/implementation_binding_evidence/gses_author_preflight_20261003_r9/vendor/STPG/src/ConstrainedGraph/CBS/RectangleReasoning.cpp:741:26: warning: unused variable ‘it’ [-Wunused-variable]
  741 |                 MDDNode* it = nullptr;
      |                          ^~
/home/lyh/MAPF_PIED_MDDR_RESEARCH/implementation_binding_evidence/gses_author_preflight_20261003_r9/vendor/STPG/src/ConstrainedGraph/ConstraintTable.cpp: In member function ‘void ConstrainedGraph::ConstraintTable::insert2CAT(int, const std::vector<std::vector<ConstrainedGraph::PathEntry>*>&)’:
/home/lyh/MAPF_PIED_MDDR_RESEARCH/implementation_binding_evidence/gses_author_preflight_20261003_r9/vendor/STPG/src/ConstrainedGraph/ConstraintTable.cpp:180:16: warning: comparison of integer expressions of different signedness: ‘size_t’ {aka ‘long unsigned int’} and ‘int’ [-Wsign-compare]
  180 |         if (ag == agent || paths[ag] == nullptr)
      |             ~~~^~~~~~~~
/home/lyh/MAPF_PIED_MDDR_RESEARCH/implementation_binding_evidence/gses_author_preflight_20261003_r9/vendor/STPG/src/ConstrainedGraph/ConstraintTable.cpp: In member function ‘void ConstrainedGraph::ConstraintTable::insert2CAT(const Path&)’:
/home/lyh/MAPF_PIED_MDDR_RESEARCH/implementation_binding_evidence/gses_author_preflight_20261003_r9/vendor/STPG/src/ConstrainedGraph/ConstraintTable.cpp:197:29: warning: comparison of integer expressions of different signedness: ‘std::vector<bool>::size_type’ {aka ‘long unsigned int’} and ‘int’ [-Wsign-compare]
  197 |         if (cat[loc].size() <= timestep)
      |             ~~~~~~~~~~~~~~~~^~~~~~~~~~~
/home/lyh/MAPF_PIED_MDDR_RESEARCH/implementation_binding_evidence/gses_author_preflight_20261003_r9/vendor/STPG/src/ConstrainedGraph/ConstraintTable.cpp: In member function ‘bool ConstrainedGraph::ConstraintTable::constrained(size_t, int) const’:
/home/lyh/MAPF_PIED_MDDR_RESEARCH/implementation_binding_evidence/gses_author_preflight_20261003_r9/vendor/STPG/src/ConstrainedGraph/ConstraintTable.cpp:245:13: warning: this ‘if’ clause does not guard... [-Wmisleading-indentation]
  245 |             if (path_table_for_CT != nullptr and path_table_for_CT->constrained(loc, loc, t))
      |             ^~
/home/lyh/MAPF_PIED_MDDR_RESEARCH/implementation_binding_evidence/gses_author_preflight_20261003_r9/vendor/STPG/src/ConstrainedGraph/ConstraintTable.cpp:247:17: note: ...this statement, but the latter is misleadingly indented as if it were guarded by the ‘if’
  247 |                 const auto& it = landmarks.find(t);
      |                 ^~~~~
/home/lyh/MAPF_PIED_MDDR_RESEARCH/implementation_binding_evidence/gses_author_preflight_20261003_r9/vendor/STPG/src/ConstrainedGraph/ConstraintTable.cpp: In member function ‘int ConstrainedGraph::ConstraintTable::getNumOfConflictsForStep(size_t, size_t, int) const’:
/home/lyh/MAPF_PIED_MDDR_RESEARCH/implementation_binding_evidence/gses_author_preflight_20261003_r9/vendor/STPG/src/ConstrainedGraph/ConstraintTable.cpp:295:33: warning: comparison of integer expressions of different signedness: ‘std::vector<bool>::size_type’ {aka ‘long unsigned int’} and ‘int’ [-Wsign-compare]
  295 |         if (cat[next_id].size() > next_timestep and cat[next_id][next_timestep])
      |             ~~~~~~~~~~~~~~~~~~~~^~~~~~~~~~~~~~~
/home/lyh/MAPF_PIED_MDDR_RESEARCH/implementation_binding_evidence/gses_author_preflight_20261003_r9/vendor/STPG/src/ConstrainedGraph/ConstraintTable.cpp:297:56: warning: comparison of integer expressions of different signedness: ‘std::vector<bool>::size_type’ {aka ‘long unsigned int’} and ‘int’ [-Wsign-compare]
  297 |         if (curr_id != next_id and cat[next_id].size() >= next_timestep and cat[curr_id].size() > next_timestep and
      |                                    ~~~~~~~~~~~~~~~~~~~~^~~~~~~~~~~~~~~~
/home/lyh/MAPF_PIED_MDDR_RESEARCH/implementation_binding_evidence/gses_author_preflight_20261003_r9/vendor/STPG/src/ConstrainedGraph/ConstraintTable.cpp:297:97: warning: comparison of integer expressions of different signedness: ‘std::vector<bool>::size_type’ {aka ‘long unsigned int’} and ‘int’ [-Wsign-compare]
  297 |         if (curr_id != next_id and cat[next_id].size() >= next_timestep and cat[curr_id].size() > next_timestep and
      |                                                                             ~~~~~~~~~~~~~~~~~~~~^~~~~~~~~~~~~~~
/home/lyh/MAPF_PIED_MDDR_RESEARCH/implementation_binding_evidence/gses_author_preflight_20261003_r9/vendor/STPG/src/ConstrainedGraph/ConstraintTable.cpp: In member function ‘bool ConstrainedGraph::ConstraintTable::hasConflictForStep(size_t, size_t, int) const’:
/home/lyh/MAPF_PIED_MDDR_RESEARCH/implementation_binding_evidence/gses_author_preflight_20261003_r9/vendor/STPG/src/ConstrainedGraph/ConstraintTable.cpp:311:33: warning: comparison of integer expressions of different signedness: ‘std::vector<bool>::size_type’ {aka ‘long unsigned int’} and ‘int’ [-Wsign-compare]
  311 |         if (cat[next_id].size() > next_timestep and cat[next_id][next_timestep])
      |             ~~~~~~~~~~~~~~~~~~~~^~~~~~~~~~~~~~~
/home/lyh/MAPF_PIED_MDDR_RESEARCH/implementation_binding_evidence/gses_author_preflight_20261003_r9/vendor/STPG/src/ConstrainedGraph/ConstraintTable.cpp:313:56: warning: comparison of integer expressions of different signedness: ‘std::vector<bool>::size_type’ {aka ‘long unsigned int’} and ‘int’ [-Wsign-compare]
  313 |         if (curr_id != next_id and cat[next_id].size() >= next_timestep and cat[curr_id].size() > next_timestep and
      |                                    ~~~~~~~~~~~~~~~~~~~~^~~~~~~~~~~~~~~~
/home/lyh/MAPF_PIED_MDDR_RESEARCH/implementation_binding_evidence/gses_author_preflight_20261003_r9/vendor/STPG/src/ConstrainedGraph/ConstraintTable.cpp:313:97: warning: comparison of integer expressions of different signedness: ‘std::vector<bool>::size_type’ {aka ‘long unsigned int’} and ‘int’ [-Wsign-compare]
  313 |         if (curr_id != next_id and cat[next_id].size() >= next_timestep and cat[curr_id].size() > next_timestep and
      |                                                                             ~~~~~~~~~~~~~~~~~~~~^~~~~~~~~~~~~~~
/home/lyh/MAPF_PIED_MDDR_RESEARCH/implementation_binding_evidence/gses_author_preflight_20261003_r9/vendor/STPG/src/ConstrainedGraph/ConstraintTable.cpp: In member function ‘bool ConstrainedGraph::ConstraintTable::hasEdgeConflict(size_t, size_t, int) const’:
/home/lyh/MAPF_PIED_MDDR_RESEARCH/implementation_binding_evidence/gses_author_preflight_20261003_r9/vendor/STPG/src/ConstrainedGraph/ConstraintTable.cpp:326:72: warning: comparison of integer expressions of different signedness: ‘std::vector<bool>::size_type’ {aka ‘long unsigned int’} and ‘int’ [-Wsign-compare]
  326 |     return !cat.empty() and curr_id != next_id and cat[next_id].size() >= next_timestep and
      |                                                    ~~~~~~~~~~~~~~~~~~~~^~~~~~~~~~~~~~~~
/home/lyh/MAPF_PIED_MDDR_RESEARCH/implementation_binding_evidence/gses_author_preflight_20261003_r9/vendor/STPG/src/ConstrainedGraph/ConstraintTable.cpp:327:33: warning: comparison of integer expressions of different signedness: ‘std::vector<bool>::size_type’ {aka ‘long unsigned int’} and ‘int’ [-Wsign-compare]
  327 |             cat[curr_id].size() > next_timestep and
      |             ~~~~~~~~~~~~~~~~~~~~^~~~~~~~~~~~~~~
/home/lyh/MAPF_PIED_MDDR_RESEARCH/implementation_binding_evidence/gses_author_preflight_20261003_r9/vendor/STPG/src/ConstrainedGraph/ConstraintTable.cpp: In member function ‘int ConstrainedGraph::ConstraintTable::getFutureNumOfCollisions(int, int) const’:
/home/lyh/MAPF_PIED_MDDR_RESEARCH/implementation_binding_evidence/gses_author_preflight_20261003_r9/vendor/STPG/src/ConstrainedGraph/ConstraintTable.cpp:337:46: warning: comparison of integer expressions of different signedness: ‘int’ and ‘std::vector<bool>::size_type’ {aka ‘long unsigned int’} [-Wsign-compare]
  337 |         for (auto timestep = t + 1; timestep < cat[loc].size(); timestep++)
      |                                     ~~~~~~~~~^~~~~~~~~~~~~~~~~
/home/lyh/MAPF_PIED_MDDR_RESEARCH/implementation_binding_evidence/gses_author_preflight_20261003_r9/vendor/STPG/src/ConstrainedGraph/ConstraintTable.cpp: In member function ‘int ConstrainedGraph::ConstraintTable::getHoldingTime(int, int) const’:
/home/lyh/MAPF_PIED_MDDR_RESEARCH/implementation_binding_evidence/gses_author_preflight_20261003_r9/vendor/STPG/src/ConstrainedGraph/ConstraintTable.cpp:362:37: warning: comparison of integer expressions of different signedness: ‘long unsigned int’ and ‘int’ [-Wsign-compare]
  362 |                 if (landmark.second != location)
      |                     ~~~~~~~~~~~~~~~~^~~~~~~~~~~
In file included from /home/lyh/MAPF_PIED_MDDR_RESEARCH/implementation_binding_evidence/gses_author_preflight_20261003_r9/vendor/STPG/inc/ConstrainedGraph/Instance.h:2,
                 from /home/lyh/MAPF_PIED_MDDR_RESEARCH/implementation_binding_evidence/gses_author_preflight_20261003_r9/vendor/STPG/inc/ConstrainedGraph/DelayInstance.h:2,
                 from /home/lyh/MAPF_PIED_MDDR_RESEARCH/implementation_binding_evidence/gses_author_preflight_20261003_r9/vendor/STPG/src/ConstrainedGraph/DelayInstance.cpp:1:
/home/lyh/MAPF_PIED_MDDR_RESEARCH/implementation_binding_evidence/gses_author_preflight_20261003_r9/vendor/STPG/inc/ConstrainedGraph/common.h: In constructor ‘ConstrainedGraph::IterationStats::IterationStats(int, int, double, const string&, int, int, std::vector<std::vector<ConstrainedGraph::PathEntry> >)’:
/home/lyh/MAPF_PIED_MDDR_RESEARCH/implementation_binding_evidence/gses_author_preflight_20261003_r9/vendor/STPG/inc/ConstrainedGraph/common.h:88:9: warning: ‘ConstrainedGraph::IterationStats::num_of_agents’ will be initialized after [-Wreorder]
   88 |     int num_of_agents;
      |         ^~~~~~~~~~~~~
/home/lyh/MAPF_PIED_MDDR_RESEARCH/implementation_binding_evidence/gses_author_preflight_20261003_r9/vendor/STPG/inc/ConstrainedGraph/common.h:86:9: warning:   ‘int ConstrainedGraph::IterationStats::sum_of_costs’ [-Wreorder]
   86 |     int sum_of_costs;
      |         ^~~~~~~~~~~~
/home/lyh/MAPF_PIED_MDDR_RESEARCH/implementation_binding_evidence/gses_author_preflight_20261003_r9/vendor/STPG/inc/ConstrainedGraph/common.h:93:5: warning:   when initialized here [-Wreorder]
   93 |     IterationStats(int num_of_agents, int sum_of_costs, double runtime, const string& algorithm,
      |     ^~~~~~~~~~~~~~
/home/lyh/MAPF_PIED_MDDR_RESEARCH/implementation_binding_evidence/gses_author_preflight_20261003_r9/vendor/STPG/inc/ConstrainedGraph/common.h:90:9: warning: ‘ConstrainedGraph::IterationStats::sum_of_costs_lowerbound’ will be initialized after [-Wreorder]
   90 |     int sum_of_costs_lowerbound;
      |         ^~~~~~~~~~~~~~~~~~~~~~~
/home/lyh/MAPF_PIED_MDDR_RESEARCH/implementation_binding_evidence/gses_author_preflight_20261003_r9/vendor/STPG/inc/ConstrainedGraph/common.h:89:12: warning:   ‘std::string ConstrainedGraph::IterationStats::algorithm’ [-Wreorder]
   89 |     string algorithm;
      |            ^~~~~~~~~
/home/lyh/MAPF_PIED_MDDR_RESEARCH/implementation_binding_evidence/gses_author_preflight_20261003_r9/vendor/STPG/inc/ConstrainedGraph/common.h:93:5: warning:   when initialized here [-Wreorder]
   93 |     IterationStats(int num_of_agents, int sum_of_costs, double runtime, const string& algorithm,
      |     ^~~~~~~~~~~~~~
In file included from /home/lyh/MAPF_PIED_MDDR_RESEARCH/implementation_binding_evidence/gses_author_preflight_20261003_r9/vendor/STPG/inc/ConstrainedGraph/DelayInstance.h:2,
                 from /home/lyh/MAPF_PIED_MDDR_RESEARCH/implementation_binding_evidence/gses_author_preflight_20261003_r9/vendor/STPG/src/ConstrainedGraph/DelayInstance.cpp:1:
/home/lyh/MAPF_PIED_MDDR_RESEARCH/implementation_binding_evidence/gses_author_preflight_20261003_r9/vendor/STPG/inc/ConstrainedGraph/Instance.h: In member function ‘void ConstrainedGraph::Instance::updateStartLocations(std::vector<ConstrainedGraph::Location>)’:
/home/lyh/MAPF_PIED_MDDR_RESEARCH/implementation_binding_evidence/gses_author_preflight_20261003_r9/vendor/STPG/inc/ConstrainedGraph/Instance.h:97:27: warning: comparison of integer expressions of different signedness: ‘int’ and ‘std::vector<ConstrainedGraph::Location>::size_type’ {aka ‘long unsigned int’} [-Wsign-compare]
   97 |         for (int i = 0; i < new_starts.size(); i++)
      |                         ~~^~~~~~~~~~~~~~~~~~~
/home/lyh/MAPF_PIED_MDDR_RESEARCH/implementation_binding_evidence/gses_author_preflight_20261003_r9/vendor/STPG/src/ConstrainedGraph/DelayInstance.cpp: In constructor ‘ConstrainedGraph::DelayInstance::DelayInstance(const string&, const string&, std::vector<std::vector<ConstrainedGraph::PathEntry> >&, int, int, bool, int, int, int, int)’:
/home/lyh/MAPF_PIED_MDDR_RESEARCH/implementation_binding_evidence/gses_author_preflight_20261003_r9/vendor/STPG/src/ConstrainedGraph/DelayInstance.cpp:36:35: warning: comparison of integer expressions of different signedness: ‘int’ and ‘std::vector<std::vector<ConstrainedGraph::PathEntry> >::size_type’ {aka ‘long unsigned int’} [-Wsign-compare]
   36 |                 for (int i = 0; i < originalPlan.size(); i++)
      |                                 ~~^~~~~~~~~~~~~~~~~~~~~
/home/lyh/MAPF_PIED_MDDR_RESEARCH/implementation_binding_evidence/gses_author_preflight_20261003_r9/vendor/STPG/src/ConstrainedGraph/DelayInstance.cpp:42:37: warning: comparison of integer expressions of different signedness: ‘int’ and ‘std::vector<std::vector<ConstrainedGraph::PathEntry> >::size_type’ {aka ‘long unsigned int’} [-Wsign-compare]
   42 |                 for (int id = 0; id < originalPlan.size(); id++)
      |                                  ~~~^~~~~~~~~~~~~~~~~~~~~
/home/lyh/MAPF_PIED_MDDR_RESEARCH/implementation_binding_evidence/gses_author_preflight_20261003_r9/vendor/STPG/src/ConstrainedGraph/DelayInstance.cpp:44:47: warning: comparison of integer expressions of different signedness: ‘int’ and ‘std::vector<ConstrainedGraph::PathEntry>::size_type’ {aka ‘long unsigned int’} [-Wsign-compare]
   44 |                         for (int idx = 0; idx < originalPlan[id].size(); idx++)
      |                                           ~~~~^~~~~~~~~~~~~~~~~~~~~~~~~
/home/lyh/MAPF_PIED_MDDR_RESEARCH/implementation_binding_evidence/gses_author_preflight_20261003_r9/vendor/STPG/src/ConstrainedGraph/DelayInstance.cpp:53:29: warning: comparison of integer expressions of different signedness: ‘int’ and ‘std::vector<std::vector<ConstrainedGraph::PathEntry> >::size_type’ {aka ‘long unsigned int’} [-Wsign-compare]
   53 |         for (int id = 0; id < originalPlan.size(); id++) //
      |                          ~~~^~~~~~~~~~~~~~~~~~~~~
/home/lyh/MAPF_PIED_MDDR_RESEARCH/implementation_binding_evidence/gses_author_preflight_20261003_r9/vendor/STPG/src/ConstrainedGraph/DelayInstance.cpp:55:35: warning: comparison of integer expressions of different signedness: ‘int’ and ‘std::vector<ConstrainedGraph::PathEntry>::size_type’ {aka ‘long unsigned int’} [-Wsign-compare]
   55 |             for (int idx = 0; idx < originalPlan[id].size(); idx++)
      |                               ~~~~^~~~~~~~~~~~~~~~~~~~~~~~~
/home/lyh/MAPF_PIED_MDDR_RESEARCH/implementation_binding_evidence/gses_author_preflight_20261003_r9/vendor/STPG/src/ConstrainedGraph/DelayInstance.cpp: In constructor ‘ConstrainedGraph::DelayInstance::DelayInstance(const std::shared_ptr<Graph>&, const string&, const string&, const string&, const std::vector<int>&, const std::vector<int>&)’:
/home/lyh/MAPF_PIED_MDDR_RESEARCH/implementation_binding_evidence/gses_author_preflight_20261003_r9/vendor/STPG/src/ConstrainedGraph/DelayInstance.cpp:143:27: warning: comparison of integer expressions of different signedness: ‘int’ and ‘std::vector<int>::size_type’ {aka ‘long unsigned int’} [-Wsign-compare]
  143 |         for (int i = 0; i < states.size(); i++)
      |                         ~~^~~~~~~~~~~~~~~
/home/lyh/MAPF_PIED_MDDR_RESEARCH/implementation_binding_evidence/gses_author_preflight_20261003_r9/vendor/STPG/src/ConstrainedGraph/DelayInstance.cpp:161:39: warning: comparison of integer expressions of different signedness: ‘int’ and ‘std::vector<std::pair<std::pair<int, int>, int> >::size_type’ {aka ‘long unsigned int’} [-Wsign-compare]
  161 |                 for (int j = start; j < compressed_path.size(); j++)
      |                                     ~~^~~~~~~~~~~~~~~~~~~~~~~~
/home/lyh/MAPF_PIED_MDDR_RESEARCH/implementation_binding_evidence/gses_author_preflight_20261003_r9/vendor/STPG/src/ConstrainedGraph/DelayInstance.cpp: In member function ‘void ConstrainedGraph::DelayInstance::fillcgGraphMap()’:
/home/lyh/MAPF_PIED_MDDR_RESEARCH/implementation_binding_evidence/gses_author_preflight_20261003_r9/vendor/STPG/src/ConstrainedGraph/DelayInstance.cpp:187:27: warning: comparison of integer expressions of different signedness: ‘int’ and ‘std::vector<std::vector<ConstrainedGraph::PathEntry> >::size_type’ {aka ‘long unsigned int’} [-Wsign-compare]
  187 |         for (int a = 0; a < postDelayPlan.size(); a++)
      |                         ~~^~~~~~~~~~~~~~~~~~~~~~
/home/lyh/MAPF_PIED_MDDR_RESEARCH/implementation_binding_evidence/gses_author_preflight_20261003_r9/vendor/STPG/src/ConstrainedGraph/DelayInstance.cpp:189:35: warning: comparison of integer expressions of different signedness: ‘int’ and ‘std::vector<ConstrainedGraph::PathEntry>::size_type’ {aka ‘long unsigned int’} [-Wsign-compare]
  189 |                 for (int k = 0; k < postDelayPlan[a].size(); k++)
      |                                 ~~^~~~~~~~~~~~~~~~~~~~~~~~~
/home/lyh/MAPF_PIED_MDDR_RESEARCH/implementation_binding_evidence/gses_author_preflight_20261003_r9/vendor/STPG/src/ConstrainedGraph/DelayInstance.cpp: In member function ‘void ConstrainedGraph::DelayInstance::fillicgGraphMap()’:
/home/lyh/MAPF_PIED_MDDR_RESEARCH/implementation_binding_evidence/gses_author_preflight_20261003_r9/vendor/STPG/src/ConstrainedGraph/DelayInstance.cpp:205:27: warning: comparison of integer expressions of different signedness: ‘int’ and ‘std::vector<std::vector<ConstrainedGraph::PathEntry> >::size_type’ {aka ‘long unsigned int’} [-Wsign-compare]
  205 |         for (int a = 0; a < postDelayPlan.size(); a++)
      |                         ~~^~~~~~~~~~~~~~~~~~~~~~
/home/lyh/MAPF_PIED_MDDR_RESEARCH/implementation_binding_evidence/gses_author_preflight_20261003_r9/vendor/STPG/src/ConstrainedGraph/DelayInstance.cpp:207:35: warning: comparison of integer expressions of different signedness: ‘int’ and ‘std::vector<ConstrainedGraph::PathEntry>::size_type’ {aka ‘long unsigned int’} [-Wsign-compare]
  207 |                 for (int k = 0; k < postDelayPlan[a].size(); k++)
      |                                 ~~^~~~~~~~~~~~~~~~~~~~~~~~~
/home/lyh/MAPF_PIED_MDDR_RESEARCH/implementation_binding_evidence/gses_author_preflight_20261003_r9/vendor/STPG/src/ConstrainedGraph/DelayInstance.cpp: In member function ‘void ConstrainedGraph::DelayInstance::createDelay()’:
/home/lyh/MAPF_PIED_MDDR_RESEARCH/implementation_binding_evidence/gses_author_preflight_20261003_r9/vendor/STPG/src/ConstrainedGraph/DelayInstance.cpp:441:63: warning: comparison of integer expressions of different signedness: ‘int’ and ‘std::vector<std::vector<ConstrainedGraph::PathEntry> >::size_type’ {aka ‘long unsigned int’} [-Wsign-compare]
  441 |                                         for (int aid = 0; aid < postDelayPlan.size(); aid++)
      |                                                           ~~~~^~~~~~~~~~~~~~~~~~~~~~
/home/lyh/MAPF_PIED_MDDR_RESEARCH/implementation_binding_evidence/gses_author_preflight_20261003_r9/vendor/STPG/src/ConstrainedGraph/DelayInstance.cpp:445:87: warning: comparison of integer expressions of different signedness: ‘std::vector<ConstrainedGraph::PathEntry>::size_type’ {aka ‘long unsigned int’} and ‘int’ [-Wsign-compare]
  445 |                                                         if (postDelayPlan[aid].size() > (delay->second + 1) )
      |                                                             ~~~~~~~~~~~~~~~~~~~~~~~~~~^~~~~~~~~~~~~~~~~~~~~
/home/lyh/MAPF_PIED_MDDR_RESEARCH/implementation_binding_evidence/gses_author_preflight_20261003_r9/vendor/STPG/src/ConstrainedGraph/DelayInstance.cpp: In member function ‘bool ConstrainedGraph::DelayInstance::isCollisionFree()’:
/home/lyh/MAPF_PIED_MDDR_RESEARCH/implementation_binding_evidence/gses_author_preflight_20261003_r9/vendor/STPG/src/ConstrainedGraph/DelayInstance.cpp:540:27: warning: comparison of integer expressions of different signedness: ‘int’ and ‘std::vector<std::vector<ConstrainedGraph::PathEntry> >::size_type’ {aka ‘long unsigned int’} [-Wsign-compare]
  540 |         for (int p = 0; p < originalPlan.size(); p++)
      |                         ~~^~~~~~~~~~~~~~~~~~~~~
/home/lyh/MAPF_PIED_MDDR_RESEARCH/implementation_binding_evidence/gses_author_preflight_20261003_r9/vendor/STPG/src/ConstrainedGraph/DelayInstance.cpp:543:39: warning: comparison of integer expressions of different signedness: ‘int’ and ‘std::vector<ConstrainedGraph::PathEntry>::size_type’ {aka ‘long unsigned int’} [-Wsign-compare]
  543 |                 for (int idx = 0; idx < originalPlan[p].size(); idx++)
      |                                   ~~~~^~~~~~~~~~~~~~~~~~~~~~~~
/home/lyh/MAPF_PIED_MDDR_RESEARCH/implementation_binding_evidence/gses_author_preflight_20261003_r9/vendor/STPG/src/ConstrainedGraph/DelayInstance.cpp: In member function ‘void ConstrainedGraph::DelayInstance::changeStarts()’:
/home/lyh/MAPF_PIED_MDDR_RESEARCH/implementation_binding_evidence/gses_author_preflight_20261003_r9/vendor/STPG/src/ConstrainedGraph/DelayInstance.cpp:619:29: warning: comparison of integer expressions of different signedness: ‘std::vector<ConstrainedGraph::PathEntry>::size_type’ {aka ‘long unsigned int’} and ‘int’ [-Wsign-compare]
  619 |             if (path.size() > (*delay_[0]).second + 1)
      |                 ~~~~~~~~~~~~^~~~~~~~~~~~~~~~~~~~~~~~~
In file included from /home/lyh/MAPF_PIED_MDDR_RESEARCH/implementation_binding_evidence/gses_author_preflight_20261003_r9/vendor/STPG/inc/ConstrainedGraph/Instance.h:2,
                 from /home/lyh/MAPF_PIED_MDDR_RESEARCH/implementation_binding_evidence/gses_author_preflight_20261003_r9/vendor/STPG/src/ConstrainedGraph/Instance.cpp:5:
/home/lyh/MAPF_PIED_MDDR_RESEARCH/implementation_binding_evidence/gses_author_preflight_20261003_r9/vendor/STPG/inc/ConstrainedGraph/common.h: In constructor ‘ConstrainedGraph::IterationStats::IterationStats(int, int, double, const string&, int, int, std::vector<std::vector<ConstrainedGraph::PathEntry> >)’:
/home/lyh/MAPF_PIED_MDDR_RESEARCH/implementation_binding_evidence/gses_author_preflight_20261003_r9/vendor/STPG/inc/ConstrainedGraph/common.h:88:9: warning: ‘ConstrainedGraph::IterationStats::num_of_agents’ will be initialized after [-Wreorder]
   88 |     int num_of_agents;
      |         ^~~~~~~~~~~~~
/home/lyh/MAPF_PIED_MDDR_RESEARCH/implementation_binding_evidence/gses_author_preflight_20261003_r9/vendor/STPG/inc/ConstrainedGraph/common.h:86:9: warning:   ‘int ConstrainedGraph::IterationStats::sum_of_costs’ [-Wreorder]
   86 |     int sum_of_costs;
      |         ^~~~~~~~~~~~
/home/lyh/MAPF_PIED_MDDR_RESEARCH/implementation_binding_evidence/gses_author_preflight_20261003_r9/vendor/STPG/inc/ConstrainedGraph/common.h:93:5: warning:   when initialized here [-Wreorder]
   93 |     IterationStats(int num_of_agents, int sum_of_costs, double runtime, const string& algorithm,
      |     ^~~~~~~~~~~~~~
/home/lyh/MAPF_PIED_MDDR_RESEARCH/implementation_binding_evidence/gses_author_preflight_20261003_r9/vendor/STPG/inc/ConstrainedGraph/common.h:90:9: warning: ‘ConstrainedGraph::IterationStats::sum_of_costs_lowerbound’ will be initialized after [-Wreorder]
   90 |     int sum_of_costs_lowerbound;
      |         ^~~~~~~~~~~~~~~~~~~~~~~
/home/lyh/MAPF_PIED_MDDR_RESEARCH/implementation_binding_evidence/gses_author_preflight_20261003_r9/vendor/STPG/inc/ConstrainedGraph/common.h:89:12: warning:   ‘std::string ConstrainedGraph::IterationStats::algorithm’ [-Wreorder]
   89 |     string algorithm;
      |            ^~~~~~~~~
/home/lyh/MAPF_PIED_MDDR_RESEARCH/implementation_binding_evidence/gses_author_preflight_20261003_r9/vendor/STPG/inc/ConstrainedGraph/common.h:93:5: warning:   when initialized here [-Wreorder]
   93 |     IterationStats(int num_of_agents, int sum_of_costs, double runtime, const string& algorithm,
      |     ^~~~~~~~~~~~~~
In file included from /home/lyh/MAPF_PIED_MDDR_RESEARCH/implementation_binding_evidence/gses_author_preflight_20261003_r9/vendor/STPG/src/ConstrainedGraph/Instance.cpp:5:
/home/lyh/MAPF_PIED_MDDR_RESEARCH/implementation_binding_evidence/gses_author_preflight_20261003_r9/vendor/STPG/inc/ConstrainedGraph/Instance.h: In member function ‘void ConstrainedGraph::Instance::updateStartLocations(std::vector<ConstrainedGraph::Location>)’:
/home/lyh/MAPF_PIED_MDDR_RESEARCH/implementation_binding_evidence/gses_author_preflight_20261003_r9/vendor/STPG/inc/ConstrainedGraph/Instance.h:97:27: warning: comparison of integer expressions of different signedness: ‘int’ and ‘std::vector<ConstrainedGraph::Location>::size_type’ {aka ‘long unsigned int’} [-Wsign-compare]
   97 |         for (int i = 0; i < new_starts.size(); i++)
      |                         ~~^~~~~~~~~~~~~~~~~~~
/home/lyh/MAPF_PIED_MDDR_RESEARCH/implementation_binding_evidence/gses_author_preflight_20261003_r9/vendor/STPG/src/ConstrainedGraph/Instance.cpp: In member function ‘void ConstrainedGraph::Instance::savePaths(const string&, const std::vector<std::vector<ConstrainedGraph::PathEntry>*>&) const’:
/home/lyh/MAPF_PIED_MDDR_RESEARCH/implementation_binding_evidence/gses_author_preflight_20261003_r9/vendor/STPG/src/ConstrainedGraph/Instance.cpp:495:24: warning: comparison of integer expressions of different signedness: ‘int’ and ‘std::vector<std::vector<ConstrainedGraph::PathEntry>*>::size_type’ {aka ‘long unsigned int’} [-Wsign-compare]
  495 |     for (auto i = 0; i < paths.size(); i++)
      |                      ~~^~~~~~~~~~~~~~
/home/lyh/MAPF_PIED_MDDR_RESEARCH/implementation_binding_evidence/gses_author_preflight_20261003_r9/vendor/STPG/src/ConstrainedGraph/Instance.cpp: In member function ‘void ConstrainedGraph::Instance::savePaths(const string&, std::vector<std::vector<ConstrainedGraph::PathEntry> >) const’:
/home/lyh/MAPF_PIED_MDDR_RESEARCH/implementation_binding_evidence/gses_author_preflight_20261003_r9/vendor/STPG/src/ConstrainedGraph/Instance.cpp:515:24: warning: comparison of integer expressions of different signedness: ‘int’ and ‘std::vector<std::vector<ConstrainedGraph::PathEntry> >::size_type’ {aka ‘long unsigned int’} [-Wsign-compare]
  515 |     for (auto i = 0; i < paths.size(); i++)
      |                      ~~^~~~~~~~~~~~~~
/home/lyh/MAPF_PIED_MDDR_RESEARCH/implementation_binding_evidence/gses_author_preflight_20261003_r9/vendor/STPG/src/ConstrainedGraph/Instance.cpp: In member function ‘bool ConstrainedGraph::Instance::validateSolution(const std::vector<std::vector<ConstrainedGraph::PathEntry>*>&, int, int)’:
/home/lyh/MAPF_PIED_MDDR_RESEARCH/implementation_binding_evidence/gses_author_preflight_20261003_r9/vendor/STPG/src/ConstrainedGraph/Instance.cpp:539:24: warning: comparison of integer expressions of different signedness: ‘int’ and ‘std::vector<ConstrainedGraph::Location>::size_type’ {aka ‘long unsigned int’} [-Wsign-compare]
  539 |     for (auto i = 0; i < start_locations.size(); i++)
      |                      ~~^~~~~~~~~~~~~~~~~~~~~~~~
/home/lyh/MAPF_PIED_MDDR_RESEARCH/implementation_binding_evidence/gses_author_preflight_20261003_r9/vendor/STPG/src/ConstrainedGraph/Instance.cpp:578:24: warning: comparison of integer expressions of different signedness: ‘int’ and ‘std::vector<ConstrainedGraph::Location>::size_type’ {aka ‘long unsigned int’} [-Wsign-compare]
  578 |     for (auto i = 0; i < start_locations.size(); i++)
      |                      ~~^~~~~~~~~~~~~~~~~~~~~~~~
/home/lyh/MAPF_PIED_MDDR_RESEARCH/implementation_binding_evidence/gses_author_preflight_20261003_r9/vendor/STPG/src/ConstrainedGraph/Instance.cpp:580:32: warning: comparison of integer expressions of different signedness: ‘int’ and ‘std::vector<ConstrainedGraph::Location>::size_type’ {aka ‘long unsigned int’} [-Wsign-compare]
  580 |         for (auto j = i + 1; j < start_locations.size(); j++)
      |                              ~~^~~~~~~~~~~~~~~~~~~~~~~~
In file included from /home/lyh/MAPF_PIED_MDDR_RESEARCH/implementation_binding_evidence/gses_author_preflight_20261003_r9/vendor/STPG/inc/ConstrainedGraph/PathTable.h:2,
                 from /home/lyh/MAPF_PIED_MDDR_RESEARCH/implementation_binding_evidence/gses_author_preflight_20261003_r9/vendor/STPG/src/ConstrainedGraph/PathTable.cpp:1:
/home/lyh/MAPF_PIED_MDDR_RESEARCH/implementation_binding_evidence/gses_author_preflight_20261003_r9/vendor/STPG/inc/ConstrainedGraph/common.h: In constructor ‘ConstrainedGraph::IterationStats::IterationStats(int, int, double, const string&, int, int, std::vector<std::vector<ConstrainedGraph::PathEntry> >)’:
/home/lyh/MAPF_PIED_MDDR_RESEARCH/implementation_binding_evidence/gses_author_preflight_20261003_r9/vendor/STPG/inc/ConstrainedGraph/common.h:88:9: warning: ‘ConstrainedGraph::IterationStats::num_of_agents’ will be initialized after [-Wreorder]
   88 |     int num_of_agents;
      |         ^~~~~~~~~~~~~
/home/lyh/MAPF_PIED_MDDR_RESEARCH/implementation_binding_evidence/gses_author_preflight_20261003_r9/vendor/STPG/inc/ConstrainedGraph/common.h:86:9: warning:   ‘int ConstrainedGraph::IterationStats::sum_of_costs’ [-Wreorder]
   86 |     int sum_of_costs;
      |         ^~~~~~~~~~~~
/home/lyh/MAPF_PIED_MDDR_RESEARCH/implementation_binding_evidence/gses_author_preflight_20261003_r9/vendor/STPG/inc/ConstrainedGraph/common.h:93:5: warning:   when initialized here [-Wreorder]
   93 |     IterationStats(int num_of_agents, int sum_of_costs, double runtime, const string& algorithm,
      |     ^~~~~~~~~~~~~~
/home/lyh/MAPF_PIED_MDDR_RESEARCH/implementation_binding_evidence/gses_author_preflight_20261003_r9/vendor/STPG/inc/ConstrainedGraph/common.h:90:9: warning: ‘ConstrainedGraph::IterationStats::sum_of_costs_lowerbound’ will be initialized after [-Wreorder]
   90 |     int sum_of_costs_lowerbound;
      |         ^~~~~~~~~~~~~~~~~~~~~~~
/home/lyh/MAPF_PIED_MDDR_RESEARCH/implementation_binding_evidence/gses_author_preflight_20261003_r9/vendor/STPG/inc/ConstrainedGraph/common.h:89:12: warning:   ‘std::string ConstrainedGraph::IterationStats::algorithm’ [-Wreorder]
   89 |     string algorithm;
      |            ^~~~~~~~~
/home/lyh/MAPF_PIED_MDDR_RESEARCH/implementation_binding_evidence/gses_author_preflight_20261003_r9/vendor/STPG/inc/ConstrainedGraph/common.h:93:5: warning:   when initialized here [-Wreorder]
   93 |     IterationStats(int num_of_agents, int sum_of_costs, double runtime, const string& algorithm,
      |     ^~~~~~~~~~~~~~
/home/lyh/MAPF_PIED_MDDR_RESEARCH/implementation_binding_evidence/gses_author_preflight_20261003_r9/vendor/STPG/src/ConstrainedGraph/PathTable.cpp: In member function ‘void ConstrainedGraph::PathTable::insertPath(int, const Path&)’:
/home/lyh/MAPF_PIED_MDDR_RESEARCH/implementation_binding_evidence/gses_author_preflight_20261003_r9/vendor/STPG/src/ConstrainedGraph/PathTable.cpp:11:48: warning: comparison of integer expressions of different signedness: ‘std::vector<int>::size_type’ {aka ‘long unsigned int’} and ‘int’ [-Wsign-compare]
   11 |         if (table[path[t].Loc.location].size() <= t)
      |             ~~~~~~~~~~~~~~~~~~~~~~~~~~~~~~~~~~~^~~~
/home/lyh/MAPF_PIED_MDDR_RESEARCH/implementation_binding_evidence/gses_author_preflight_20261003_r9/vendor/STPG/src/ConstrainedGraph/PathTable.cpp: In member function ‘bool ConstrainedGraph::PathTable::constrained(int, int, int) const’:
/home/lyh/MAPF_PIED_MDDR_RESEARCH/implementation_binding_evidence/gses_author_preflight_20261003_r9/vendor/STPG/src/ConstrainedGraph/PathTable.cpp:47:30: warning: comparison of integer expressions of different signedness: ‘std::vector<int>::size_type’ {aka ‘long unsigned int’} and ‘int’ [-Wsign-compare]
   47 |         if (table[to].size() > to_time && table[to][to_time] != NO_AGENT)
      |             ~~~~~~~~~~~~~~~~~^~~~~~~~~
/home/lyh/MAPF_PIED_MDDR_RESEARCH/implementation_binding_evidence/gses_author_preflight_20261003_r9/vendor/STPG/src/ConstrainedGraph/PathTable.cpp:49:35: warning: comparison of integer expressions of different signedness: ‘std::vector<int>::size_type’ {aka ‘long unsigned int’} and ‘int’ [-Wsign-compare]
   49 |         else if (table[to].size() >= to_time && table[from].size() > to_time && !table[to].empty() &&
      |                  ~~~~~~~~~~~~~~~~~^~~~~~~~~~
/home/lyh/MAPF_PIED_MDDR_RESEARCH/implementation_binding_evidence/gses_author_preflight_20261003_r9/vendor/STPG/src/ConstrainedGraph/PathTable.cpp:49:68: warning: comparison of integer expressions of different signedness: ‘std::vector<int>::size_type’ {aka ‘long unsigned int’} and ‘int’ [-Wsign-compare]
   49 |         else if (table[to].size() >= to_time && table[from].size() > to_time && !table[to].empty() &&
      |                                                 ~~~~~~~~~~~~~~~~~~~^~~~~~~~~
/home/lyh/MAPF_PIED_MDDR_RESEARCH/implementation_binding_evidence/gses_author_preflight_20261003_r9/vendor/STPG/src/ConstrainedGraph/PathTable.cpp: In member function ‘void ConstrainedGraph::PathTable::getConflictingAgents(int, std::set<int>&, int, int, int) const’:
/home/lyh/MAPF_PIED_MDDR_RESEARCH/implementation_binding_evidence/gses_author_preflight_20261003_r9/vendor/STPG/src/ConstrainedGraph/PathTable.cpp:65:26: warning: comparison of integer expressions of different signedness: ‘std::vector<int>::size_type’ {aka ‘long unsigned int’} and ‘int’ [-Wsign-compare]
   65 |     if (table[to].size() > to_time && table[to][to_time] != NO_AGENT)
      |         ~~~~~~~~~~~~~~~~~^~~~~~~~~
/home/lyh/MAPF_PIED_MDDR_RESEARCH/implementation_binding_evidence/gses_author_preflight_20261003_r9/vendor/STPG/src/ConstrainedGraph/PathTable.cpp:67:26: warning: comparison of integer expressions of different signedness: ‘std::vector<int>::size_type’ {aka ‘long unsigned int’} and ‘int’ [-Wsign-compare]
   67 |     if (table[to].size() >= to_time && table[from].size() > to_time &&
      |         ~~~~~~~~~~~~~~~~~^~~~~~~~~~
/home/lyh/MAPF_PIED_MDDR_RESEARCH/implementation_binding_evidence/gses_author_preflight_20261003_r9/vendor/STPG/src/ConstrainedGraph/PathTable.cpp:67:59: warning: comparison of integer expressions of different signedness: ‘std::vector<int>::size_type’ {aka ‘long unsigned int’} and ‘int’ [-Wsign-compare]
   67 |     if (table[to].size() >= to_time && table[from].size() > to_time &&
      |                                        ~~~~~~~~~~~~~~~~~~~^~~~~~~~~
/home/lyh/MAPF_PIED_MDDR_RESEARCH/implementation_binding_evidence/gses_author_preflight_20261003_r9/vendor/STPG/src/ConstrainedGraph/PathTable.cpp: In member function ‘void ConstrainedGraph::PathTableWC::insertPath(int, const Path&)’:
/home/lyh/MAPF_PIED_MDDR_RESEARCH/implementation_binding_evidence/gses_author_preflight_20261003_r9/vendor/STPG/src/ConstrainedGraph/PathTable.cpp:133:48: warning: comparison of integer expressions of different signedness: ‘std::vector<std::__cxx11::list<int> >::size_type’ {aka ‘long unsigned int’} and ‘int’ [-Wsign-compare]
  133 |         if (table[path[t].Loc.location].size() <= t)
      |             ~~~~~~~~~~~~~~~~~~~~~~~~~~~~~~~~~~~^~~~
/home/lyh/MAPF_PIED_MDDR_RESEARCH/implementation_binding_evidence/gses_author_preflight_20261003_r9/vendor/STPG/src/ConstrainedGraph/PathTable.cpp: In member function ‘int ConstrainedGraph::PathTableWC::getNumOfCollisions(int, int, int) const’:
/home/lyh/MAPF_PIED_MDDR_RESEARCH/implementation_binding_evidence/gses_author_preflight_20261003_r9/vendor/STPG/src/ConstrainedGraph/PathTable.cpp:190:44: warning: comparison of integer expressions of different signedness: ‘std::vector<std::__cxx11::list<int> >::size_type’ {aka ‘long unsigned int’} and ‘int’ [-Wsign-compare]
  190 |         if (from != to && table[to].size() >= to_time && table[from].size() > to_time)
      |                           ~~~~~~~~~~~~~~~~~^~~~~~~~~~
/home/lyh/MAPF_PIED_MDDR_RESEARCH/implementation_binding_evidence/gses_author_preflight_20261003_r9/vendor/STPG/src/ConstrainedGraph/PathTable.cpp:190:77: warning: comparison of integer expressions of different signedness: ‘std::vector<std::__cxx11::list<int> >::size_type’ {aka ‘long unsigned int’} and ‘int’ [-Wsign-compare]
  190 |         if (from != to && table[to].size() >= to_time && table[from].size() > to_time)
      |                                                          ~~~~~~~~~~~~~~~~~~~^~~~~~~~~
/home/lyh/MAPF_PIED_MDDR_RESEARCH/implementation_binding_evidence/gses_author_preflight_20261003_r9/vendor/STPG/src/ConstrainedGraph/PathTable.cpp: In member function ‘bool ConstrainedGraph::PathTableWC::hasCollisions(int, int, int) const’:
/home/lyh/MAPF_PIED_MDDR_RESEARCH/implementation_binding_evidence/gses_author_preflight_20261003_r9/vendor/STPG/src/ConstrainedGraph/PathTable.cpp:215:44: warning: comparison of integer expressions of different signedness: ‘std::vector<std::__cxx11::list<int> >::size_type’ {aka ‘long unsigned int’} and ‘int’ [-Wsign-compare]
  215 |         if (from != to && table[to].size() >= to_time && table[from].size() > to_time)
      |                           ~~~~~~~~~~~~~~~~~^~~~~~~~~~
/home/lyh/MAPF_PIED_MDDR_RESEARCH/implementation_binding_evidence/gses_author_preflight_20261003_r9/vendor/STPG/src/ConstrainedGraph/PathTable.cpp:215:77: warning: comparison of integer expressions of different signedness: ‘std::vector<std::__cxx11::list<int> >::size_type’ {aka ‘long unsigned int’} and ‘int’ [-Wsign-compare]
  215 |         if (from != to && table[to].size() >= to_time && table[from].size() > to_time)
      |                                                          ~~~~~~~~~~~~~~~~~~~^~~~~~~~~
/home/lyh/MAPF_PIED_MDDR_RESEARCH/implementation_binding_evidence/gses_author_preflight_20261003_r9/vendor/STPG/src/ConstrainedGraph/PathTable.cpp: In member function ‘bool ConstrainedGraph::PathTableWC::hasEdgeCollisions(int, int, int) const’:
/home/lyh/MAPF_PIED_MDDR_RESEARCH/implementation_binding_evidence/gses_author_preflight_20261003_r9/vendor/STPG/src/ConstrainedGraph/PathTable.cpp:236:58: warning: comparison of integer expressions of different signedness: ‘std::vector<std::__cxx11::list<int> >::size_type’ {aka ‘long unsigned int’} and ‘int’ [-Wsign-compare]
  236 |     if (!table.empty() && from != to && table[to].size() >= to_time && table[from].size() > to_time)
      |                                         ~~~~~~~~~~~~~~~~~^~~~~~~~~~
/home/lyh/MAPF_PIED_MDDR_RESEARCH/implementation_binding_evidence/gses_author_preflight_20261003_r9/vendor/STPG/src/ConstrainedGraph/PathTable.cpp:236:91: warning: comparison of integer expressions of different signedness: ‘std::vector<std::__cxx11::list<int> >::size_type’ {aka ‘long unsigned int’} and ‘int’ [-Wsign-compare]
  236 |     if (!table.empty() && from != to && table[to].size() >= to_time && table[from].size() > to_time)
      |                                                                        ~~~~~~~~~~~~~~~~~~~^~~~~~~~~
In file included from /home/lyh/MAPF_PIED_MDDR_RESEARCH/implementation_binding_evidence/gses_author_preflight_20261003_r9/vendor/STPG/inc/ConstrainedGraph/ConstraintTable.h:2,
                 from /home/lyh/MAPF_PIED_MDDR_RESEARCH/implementation_binding_evidence/gses_author_preflight_20261003_r9/vendor/STPG/inc/ConstrainedGraph/ReservationTable.h:3,
                 from /home/lyh/MAPF_PIED_MDDR_RESEARCH/implementation_binding_evidence/gses_author_preflight_20261003_r9/vendor/STPG/src/ConstrainedGraph/ReservationTable.cpp:1:
/home/lyh/MAPF_PIED_MDDR_RESEARCH/implementation_binding_evidence/gses_author_preflight_20261003_r9/vendor/STPG/inc/ConstrainedGraph/common.h: In constructor ‘ConstrainedGraph::IterationStats::IterationStats(int, int, double, const string&, int, int, std::vector<std::vector<ConstrainedGraph::PathEntry> >)’:
/home/lyh/MAPF_PIED_MDDR_RESEARCH/implementation_binding_evidence/gses_author_preflight_20261003_r9/vendor/STPG/inc/ConstrainedGraph/common.h:88:9: warning: ‘ConstrainedGraph::IterationStats::num_of_agents’ will be initialized after [-Wreorder]
   88 |     int num_of_agents;
      |         ^~~~~~~~~~~~~
/home/lyh/MAPF_PIED_MDDR_RESEARCH/implementation_binding_evidence/gses_author_preflight_20261003_r9/vendor/STPG/inc/ConstrainedGraph/common.h:86:9: warning:   ‘int ConstrainedGraph::IterationStats::sum_of_costs’ [-Wreorder]
   86 |     int sum_of_costs;
      |         ^~~~~~~~~~~~
/home/lyh/MAPF_PIED_MDDR_RESEARCH/implementation_binding_evidence/gses_author_preflight_20261003_r9/vendor/STPG/inc/ConstrainedGraph/common.h:93:5: warning:   when initialized here [-Wreorder]
   93 |     IterationStats(int num_of_agents, int sum_of_costs, double runtime, const string& algorithm,
      |     ^~~~~~~~~~~~~~
/home/lyh/MAPF_PIED_MDDR_RESEARCH/implementation_binding_evidence/gses_author_preflight_20261003_r9/vendor/STPG/inc/ConstrainedGraph/common.h:90:9: warning: ‘ConstrainedGraph::IterationStats::sum_of_costs_lowerbound’ will be initialized after [-Wreorder]
   90 |     int sum_of_costs_lowerbound;
      |         ^~~~~~~~~~~~~~~~~~~~~~~
/home/lyh/MAPF_PIED_MDDR_RESEARCH/implementation_binding_evidence/gses_author_preflight_20261003_r9/vendor/STPG/inc/ConstrainedGraph/common.h:89:12: warning:   ‘std::string ConstrainedGraph::IterationStats::algorithm’ [-Wreorder]
   89 |     string algorithm;
      |            ^~~~~~~~~
/home/lyh/MAPF_PIED_MDDR_RESEARCH/implementation_binding_evidence/gses_author_preflight_20261003_r9/vendor/STPG/inc/ConstrainedGraph/common.h:93:5: warning:   when initialized here [-Wreorder]
   93 |     IterationStats(int num_of_agents, int sum_of_costs, double runtime, const string& algorithm,
      |     ^~~~~~~~~~~~~~
/home/lyh/MAPF_PIED_MDDR_RESEARCH/implementation_binding_evidence/gses_author_preflight_20261003_r9/vendor/STPG/src/ConstrainedGraph/ReservationTable.cpp: In member function ‘void ConstrainedGraph::ReservationTable::updateSIT(int)’:
/home/lyh/MAPF_PIED_MDDR_RESEARCH/implementation_binding_evidence/gses_author_preflight_20261003_r9/vendor/STPG/src/ConstrainedGraph/ReservationTable.cpp:202:22: warning: comparison of integer expressions of different signedness: ‘int’ and ‘const size_t’ {aka ‘const long unsigned int’} [-Wsign-compare]
  202 |         if (location < constraint_table.map_size) // vertex conflict
      |             ~~~~~~~~~^~~~~~~~~~~~~~~~~~~~~~~~~~~
/home/lyh/MAPF_PIED_MDDR_RESEARCH/implementation_binding_evidence/gses_author_preflight_20261003_r9/vendor/STPG/src/ConstrainedGraph/ReservationTable.cpp:244:18: warning: comparison of integer expressions of different signedness: ‘int’ and ‘const size_t’ {aka ‘const long unsigned int’} [-Wsign-compare]
  244 |     if (location < constraint_table.map_size)
      |         ~~~~~~~~~^~~~~~~~~~~~~~~~~~~~~~~~~~~
/home/lyh/MAPF_PIED_MDDR_RESEARCH/implementation_binding_evidence/gses_author_preflight_20261003_r9/vendor/STPG/src/ConstrainedGraph/ReservationTable.cpp:248:33: warning: comparison of integer expressions of different signedness: ‘long unsigned int’ and ‘int’ [-Wsign-compare]
  248 |             if (landmark.second != location)
      |                 ~~~~~~~~~~~~~~~~^~~~~~~~~~~
/home/lyh/MAPF_PIED_MDDR_RESEARCH/implementation_binding_evidence/gses_author_preflight_20261003_r9/vendor/STPG/src/ConstrainedGraph/ReservationTable.cpp:259:22: warning: comparison of integer expressions of different signedness: ‘int’ and ‘const size_t’ {aka ‘const long unsigned int’} [-Wsign-compare]
  259 |         if (location < constraint_table.map_size) // vertex conflict
      |             ~~~~~~~~~^~~~~~~~~~~~~~~~~~~~~~~~~~~
/home/lyh/MAPF_PIED_MDDR_RESEARCH/implementation_binding_evidence/gses_author_preflight_20261003_r9/vendor/STPG/src/ConstrainedGraph/ReservationTable.cpp:304:28: warning: comparison of integer expressions of different signedness: ‘int’ and ‘std::vector<bool>::size_type’ {aka ‘long unsigned int’} [-Wsign-compare]
  304 |         for (auto t = 0; t < constraint_table.cat[location].size(); t++)
      |                          ~~^~~~~~~~~~~~~~~~~~~~~~~~~~~~~~~~~~~~~~~
In file included from /home/lyh/MAPF_PIED_MDDR_RESEARCH/implementation_binding_evidence/gses_author_preflight_20261003_r9/vendor/STPG/inc/ConstrainedGraph/Instance.h:2,
                 from /home/lyh/MAPF_PIED_MDDR_RESEARCH/implementation_binding_evidence/gses_author_preflight_20261003_r9/vendor/STPG/inc/ConstrainedGraph/SingleAgentSolver.h:2,
                 from /home/lyh/MAPF_PIED_MDDR_RESEARCH/implementation_binding_evidence/gses_author_preflight_20261003_r9/vendor/STPG/inc/ConstrainedGraph/SIPP.h:3,
                 from /home/lyh/MAPF_PIED_MDDR_RESEARCH/implementation_binding_evidence/gses_author_preflight_20261003_r9/vendor/STPG/src/ConstrainedGraph/SIPP.cpp:1:
/home/lyh/MAPF_PIED_MDDR_RESEARCH/implementation_binding_evidence/gses_author_preflight_20261003_r9/vendor/STPG/inc/ConstrainedGraph/common.h: In constructor ‘ConstrainedGraph::IterationStats::IterationStats(int, int, double, const string&, int, int, std::vector<std::vector<ConstrainedGraph::PathEntry> >)’:
/home/lyh/MAPF_PIED_MDDR_RESEARCH/implementation_binding_evidence/gses_author_preflight_20261003_r9/vendor/STPG/inc/ConstrainedGraph/common.h:88:9: warning: ‘ConstrainedGraph::IterationStats::num_of_agents’ will be initialized after [-Wreorder]
   88 |     int num_of_agents;
      |         ^~~~~~~~~~~~~
/home/lyh/MAPF_PIED_MDDR_RESEARCH/implementation_binding_evidence/gses_author_preflight_20261003_r9/vendor/STPG/inc/ConstrainedGraph/common.h:86:9: warning:   ‘int ConstrainedGraph::IterationStats::sum_of_costs’ [-Wreorder]
   86 |     int sum_of_costs;
      |         ^~~~~~~~~~~~
/home/lyh/MAPF_PIED_MDDR_RESEARCH/implementation_binding_evidence/gses_author_preflight_20261003_r9/vendor/STPG/inc/ConstrainedGraph/common.h:93:5: warning:   when initialized here [-Wreorder]
   93 |     IterationStats(int num_of_agents, int sum_of_costs, double runtime, const string& algorithm,
      |     ^~~~~~~~~~~~~~
/home/lyh/MAPF_PIED_MDDR_RESEARCH/implementation_binding_evidence/gses_author_preflight_20261003_r9/vendor/STPG/inc/ConstrainedGraph/common.h:90:9: warning: ‘ConstrainedGraph::IterationStats::sum_of_costs_lowerbound’ will be initialized after [-Wreorder]
   90 |     int sum_of_costs_lowerbound;
      |         ^~~~~~~~~~~~~~~~~~~~~~~
/home/lyh/MAPF_PIED_MDDR_RESEARCH/implementation_binding_evidence/gses_author_preflight_20261003_r9/vendor/STPG/inc/ConstrainedGraph/common.h:89:12: warning:   ‘std::string ConstrainedGraph::IterationStats::algorithm’ [-Wreorder]
   89 |     string algorithm;
      |            ^~~~~~~~~
/home/lyh/MAPF_PIED_MDDR_RESEARCH/implementation_binding_evidence/gses_author_preflight_20261003_r9/vendor/STPG/inc/ConstrainedGraph/common.h:93:5: warning:   when initialized here [-Wreorder]
   93 |     IterationStats(int num_of_agents, int sum_of_costs, double runtime, const string& algorithm,
      |     ^~~~~~~~~~~~~~
In file included from /home/lyh/MAPF_PIED_MDDR_RESEARCH/implementation_binding_evidence/gses_author_preflight_20261003_r9/vendor/STPG/inc/ConstrainedGraph/SingleAgentSolver.h:2,
                 from /home/lyh/MAPF_PIED_MDDR_RESEARCH/implementation_binding_evidence/gses_author_preflight_20261003_r9/vendor/STPG/inc/ConstrainedGraph/SIPP.h:3,
                 from /home/lyh/MAPF_PIED_MDDR_RESEARCH/implementation_binding_evidence/gses_author_preflight_20261003_r9/vendor/STPG/src/ConstrainedGraph/SIPP.cpp:1:
/home/lyh/MAPF_PIED_MDDR_RESEARCH/implementation_binding_evidence/gses_author_preflight_20261003_r9/vendor/STPG/inc/ConstrainedGraph/Instance.h: In member function ‘void ConstrainedGraph::Instance::updateStartLocations(std::vector<ConstrainedGraph::Location>)’:
/home/lyh/MAPF_PIED_MDDR_RESEARCH/implementation_binding_evidence/gses_author_preflight_20261003_r9/vendor/STPG/inc/ConstrainedGraph/Instance.h:97:27: warning: comparison of integer expressions of different signedness: ‘int’ and ‘std::vector<ConstrainedGraph::Location>::size_type’ {aka ‘long unsigned int’} [-Wsign-compare]
   97 |         for (int i = 0; i < new_starts.size(); i++)
      |                         ~~^~~~~~~~~~~~~~~~~~~
In file included from /home/lyh/MAPF_PIED_MDDR_RESEARCH/implementation_binding_evidence/gses_author_preflight_20261003_r9/vendor/STPG/inc/ConstrainedGraph/Instance.h:2,
                 from /home/lyh/MAPF_PIED_MDDR_RESEARCH/implementation_binding_evidence/gses_author_preflight_20261003_r9/vendor/STPG/inc/ConstrainedGraph/SingleAgentSolver.h:2,
                 from /home/lyh/MAPF_PIED_MDDR_RESEARCH/implementation_binding_evidence/gses_author_preflight_20261003_r9/vendor/STPG/src/ConstrainedGraph/SingleAgentSolver.cpp:1:
/home/lyh/MAPF_PIED_MDDR_RESEARCH/implementation_binding_evidence/gses_author_preflight_20261003_r9/vendor/STPG/inc/ConstrainedGraph/common.h: In constructor ‘ConstrainedGraph::IterationStats::IterationStats(int, int, double, const string&, int, int, std::vector<std::vector<ConstrainedGraph::PathEntry> >)’:
/home/lyh/MAPF_PIED_MDDR_RESEARCH/implementation_binding_evidence/gses_author_preflight_20261003_r9/vendor/STPG/inc/ConstrainedGraph/common.h:88:9: warning: ‘ConstrainedGraph::IterationStats::num_of_agents’ will be initialized after [-Wreorder]
   88 |     int num_of_agents;
      |         ^~~~~~~~~~~~~
/home/lyh/MAPF_PIED_MDDR_RESEARCH/implementation_binding_evidence/gses_author_preflight_20261003_r9/vendor/STPG/inc/ConstrainedGraph/common.h:86:9: warning:   ‘int ConstrainedGraph::IterationStats::sum_of_costs’ [-Wreorder]
   86 |     int sum_of_costs;
      |         ^~~~~~~~~~~~
/home/lyh/MAPF_PIED_MDDR_RESEARCH/implementation_binding_evidence/gses_author_preflight_20261003_r9/vendor/STPG/inc/ConstrainedGraph/common.h:93:5: warning:   when initialized here [-Wreorder]
   93 |     IterationStats(int num_of_agents, int sum_of_costs, double runtime, const string& algorithm,
      |     ^~~~~~~~~~~~~~
/home/lyh/MAPF_PIED_MDDR_RESEARCH/implementation_binding_evidence/gses_author_preflight_20261003_r9/vendor/STPG/inc/ConstrainedGraph/common.h:90:9: warning: ‘ConstrainedGraph::IterationStats::sum_of_costs_lowerbound’ will be initialized after [-Wreorder]
   90 |     int sum_of_costs_lowerbound;
      |         ^~~~~~~~~~~~~~~~~~~~~~~
/home/lyh/MAPF_PIED_MDDR_RESEARCH/implementation_binding_evidence/gses_author_preflight_20261003_r9/vendor/STPG/inc/ConstrainedGraph/common.h:89:12: warning:   ‘std::string ConstrainedGraph::IterationStats::algorithm’ [-Wreorder]
   89 |     string algorithm;
      |            ^~~~~~~~~
/home/lyh/MAPF_PIED_MDDR_RESEARCH/implementation_binding_evidence/gses_author_preflight_20261003_r9/vendor/STPG/inc/ConstrainedGraph/common.h:93:5: warning:   when initialized here [-Wreorder]
   93 |     IterationStats(int num_of_agents, int sum_of_costs, double runtime, const string& algorithm,
      |     ^~~~~~~~~~~~~~
In file included from /home/lyh/MAPF_PIED_MDDR_RESEARCH/implementation_binding_evidence/gses_author_preflight_20261003_r9/vendor/STPG/inc/ConstrainedGraph/SingleAgentSolver.h:2,
                 from /home/lyh/MAPF_PIED_MDDR_RESEARCH/implementation_binding_evidence/gses_author_preflight_20261003_r9/vendor/STPG/src/ConstrainedGraph/SingleAgentSolver.cpp:1:
/home/lyh/MAPF_PIED_MDDR_RESEARCH/implementation_binding_evidence/gses_author_preflight_20261003_r9/vendor/STPG/inc/ConstrainedGraph/Instance.h: In member function ‘void ConstrainedGraph::Instance::updateStartLocations(std::vector<ConstrainedGraph::Location>)’:
/home/lyh/MAPF_PIED_MDDR_RESEARCH/implementation_binding_evidence/gses_author_preflight_20261003_r9/vendor/STPG/inc/ConstrainedGraph/Instance.h:97:27: warning: comparison of integer expressions of different signedness: ‘int’ and ‘std::vector<ConstrainedGraph::Location>::size_type’ {aka ‘long unsigned int’} [-Wsign-compare]
   97 |         for (int i = 0; i < new_starts.size(); i++)
      |                         ~~^~~~~~~~~~~~~~~~~~~
In file included from /home/lyh/MAPF_PIED_MDDR_RESEARCH/implementation_binding_evidence/gses_author_preflight_20261003_r9/vendor/STPG/inc/ConstrainedGraph/SIPP.h:3,
                 from /home/lyh/MAPF_PIED_MDDR_RESEARCH/implementation_binding_evidence/gses_author_preflight_20261003_r9/vendor/STPG/src/ConstrainedGraph/SIPP.cpp:1:
/home/lyh/MAPF_PIED_MDDR_RESEARCH/implementation_binding_evidence/gses_author_preflight_20261003_r9/vendor/STPG/inc/ConstrainedGraph/SingleAgentSolver.h: In constructor ‘ConstrainedGraph::SingleAgentSolver::SingleAgentSolver(ConstrainedGraph::Instance*, int)’:
/home/lyh/MAPF_PIED_MDDR_RESEARCH/implementation_binding_evidence/gses_author_preflight_20261003_r9/vendor/STPG/inc/ConstrainedGraph/SingleAgentSolver.h:141:19: warning: ‘ConstrainedGraph::SingleAgentSolver::agent’ will be initialized after [-Wreorder]
  141 |         const int agent;
      |                   ^~~~~
/home/lyh/MAPF_PIED_MDDR_RESEARCH/implementation_binding_evidence/gses_author_preflight_20261003_r9/vendor/STPG/inc/ConstrainedGraph/SingleAgentSolver.h:94:18: warning:   ‘ConstrainedGraph::Location ConstrainedGraph::SingleAgentSolver::start_location’ [-Wreorder]
   94 |         Location start_location;
      |                  ^~~~~~~~~~~~~~
/home/lyh/MAPF_PIED_MDDR_RESEARCH/implementation_binding_evidence/gses_author_preflight_20261003_r9/vendor/STPG/inc/ConstrainedGraph/SingleAgentSolver.h:123:9: warning:   when initialized here [-Wreorder]
  123 |         SingleAgentSolver(Instance *instance, int agent) :
      |         ^~~~~~~~~~~~~~~~~
/home/lyh/MAPF_PIED_MDDR_RESEARCH/implementation_binding_evidence/gses_author_preflight_20261003_r9/vendor/STPG/inc/ConstrainedGraph/SingleAgentSolver.h: In constructor ‘ConstrainedGraph::SingleAgentSolver::SingleAgentSolver(ConstrainedGraph::Instance*, int, ConstrainedGraph::Path&)’:
/home/lyh/MAPF_PIED_MDDR_RESEARCH/implementation_binding_evidence/gses_author_preflight_20261003_r9/vendor/STPG/inc/ConstrainedGraph/SingleAgentSolver.h:141:19: warning: ‘ConstrainedGraph::SingleAgentSolver::agent’ will be initialized after [-Wreorder]
  141 |         const int agent;
      |                   ^~~~~
/home/lyh/MAPF_PIED_MDDR_RESEARCH/implementation_binding_evidence/gses_author_preflight_20261003_r9/vendor/STPG/inc/ConstrainedGraph/SingleAgentSolver.h:94:18: warning:   ‘ConstrainedGraph::Location ConstrainedGraph::SingleAgentSolver::start_location’ [-Wreorder]
   94 |         Location start_location;
      |                  ^~~~~~~~~~~~~~
/home/lyh/MAPF_PIED_MDDR_RESEARCH/implementation_binding_evidence/gses_author_preflight_20261003_r9/vendor/STPG/inc/ConstrainedGraph/SingleAgentSolver.h:131:9: warning:   when initialized here [-Wreorder]
  131 |         SingleAgentSolver(Instance *instance, int agent, Path &path) :
      |         ^~~~~~~~~~~~~~~~~
/home/lyh/MAPF_PIED_MDDR_RESEARCH/implementation_binding_evidence/gses_author_preflight_20261003_r9/vendor/STPG/src/ConstrainedGraph/SIPP.cpp: In member function ‘void ConstrainedGraph::SIPP::printSearchTree() const’:
/home/lyh/MAPF_PIED_MDDR_RESEARCH/implementation_binding_evidence/gses_author_preflight_20261003_r9/vendor/STPG/src/ConstrainedGraph/SIPP.cpp:463:30: warning: comparison of integer expressions of different signedness: ‘std::vector<std::__cxx11::list<ConstrainedGraph::SIPPNode*> >::size_type’ {aka ‘long unsigned int’} and ‘int’ [-Wsign-compare]
  463 |             if (nodes.size() <= n->timestep)
      |                 ~~~~~~~~~~~~~^~~~~~~~~~~~~~
/home/lyh/MAPF_PIED_MDDR_RESEARCH/implementation_binding_evidence/gses_author_preflight_20261003_r9/vendor/STPG/src/ConstrainedGraph/SIPP.cpp:469:22: warning: comparison of integer expressions of different signedness: ‘int’ and ‘std::vector<std::__cxx11::list<ConstrainedGraph::SIPPNode*> >::size_type’ {aka ‘long unsigned int’} [-Wsign-compare]
  469 |     for(int t = 0; t < nodes.size(); t++)
      |                    ~~^~~~~~~~~~~~~~
In file included from /home/lyh/MAPF_PIED_MDDR_RESEARCH/implementation_binding_evidence/gses_author_preflight_20261003_r9/vendor/STPG/src/ConstrainedGraph/SingleAgentSolver.cpp:1:
/home/lyh/MAPF_PIED_MDDR_RESEARCH/implementation_binding_evidence/gses_author_preflight_20261003_r9/vendor/STPG/inc/ConstrainedGraph/SingleAgentSolver.h: In constructor ‘ConstrainedGraph::SingleAgentSolver::SingleAgentSolver(ConstrainedGraph::Instance*, int)’:
/home/lyh/MAPF_PIED_MDDR_RESEARCH/implementation_binding_evidence/gses_author_preflight_20261003_r9/vendor/STPG/inc/ConstrainedGraph/SingleAgentSolver.h:141:19: warning: ‘ConstrainedGraph::SingleAgentSolver::agent’ will be initialized after [-Wreorder]
  141 |         const int agent;
      |                   ^~~~~
/home/lyh/MAPF_PIED_MDDR_RESEARCH/implementation_binding_evidence/gses_author_preflight_20261003_r9/vendor/STPG/inc/ConstrainedGraph/SingleAgentSolver.h:94:18: warning:   ‘ConstrainedGraph::Location ConstrainedGraph::SingleAgentSolver::start_location’ [-Wreorder]
   94 |         Location start_location;
      |                  ^~~~~~~~~~~~~~
/home/lyh/MAPF_PIED_MDDR_RESEARCH/implementation_binding_evidence/gses_author_preflight_20261003_r9/vendor/STPG/inc/ConstrainedGraph/SingleAgentSolver.h:123:9: warning:   when initialized here [-Wreorder]
  123 |         SingleAgentSolver(Instance *instance, int agent) :
      |         ^~~~~~~~~~~~~~~~~
/home/lyh/MAPF_PIED_MDDR_RESEARCH/implementation_binding_evidence/gses_author_preflight_20261003_r9/vendor/STPG/inc/ConstrainedGraph/SingleAgentSolver.h: In constructor ‘ConstrainedGraph::SingleAgentSolver::SingleAgentSolver(ConstrainedGraph::Instance*, int, ConstrainedGraph::Path&)’:
/home/lyh/MAPF_PIED_MDDR_RESEARCH/implementation_binding_evidence/gses_author_preflight_20261003_r9/vendor/STPG/inc/ConstrainedGraph/SingleAgentSolver.h:141:19: warning: ‘ConstrainedGraph::SingleAgentSolver::agent’ will be initialized after [-Wreorder]
  141 |         const int agent;
      |                   ^~~~~
/home/lyh/MAPF_PIED_MDDR_RESEARCH/implementation_binding_evidence/gses_author_preflight_20261003_r9/vendor/STPG/inc/ConstrainedGraph/SingleAgentSolver.h:94:18: warning:   ‘ConstrainedGraph::Location ConstrainedGraph::SingleAgentSolver::start_location’ [-Wreorder]
   94 |         Location start_location;
      |                  ^~~~~~~~~~~~~~
/home/lyh/MAPF_PIED_MDDR_RESEARCH/implementation_binding_evidence/gses_author_preflight_20261003_r9/vendor/STPG/inc/ConstrainedGraph/SingleAgentSolver.h:131:9: warning:   when initialized here [-Wreorder]
  131 |         SingleAgentSolver(Instance *instance, int agent, Path &path) :
      |         ^~~~~~~~~~~~~~~~~
In file included from /home/lyh/MAPF_PIED_MDDR_RESEARCH/implementation_binding_evidence/gses_author_preflight_20261003_r9/vendor/STPG/inc/ConstrainedGraph/Instance.h:2,
                 from /home/lyh/MAPF_PIED_MDDR_RESEARCH/implementation_binding_evidence/gses_author_preflight_20261003_r9/vendor/STPG/inc/ConstrainedGraph/SingleAgentSolver.h:2,
                 from /home/lyh/MAPF_PIED_MDDR_RESEARCH/implementation_binding_evidence/gses_author_preflight_20261003_r9/vendor/STPG/inc/ConstrainedGraph/SpaceTimeAStar.h:2,
                 from /home/lyh/MAPF_PIED_MDDR_RESEARCH/implementation_binding_evidence/gses_author_preflight_20261003_r9/vendor/STPG/src/ConstrainedGraph/SpaceTimeAStar.cpp:1:
/home/lyh/MAPF_PIED_MDDR_RESEARCH/implementation_binding_evidence/gses_author_preflight_20261003_r9/vendor/STPG/inc/ConstrainedGraph/common.h: In constructor ‘ConstrainedGraph::IterationStats::IterationStats(int, int, double, const string&, int, int, std::vector<std::vector<ConstrainedGraph::PathEntry> >)’:
/home/lyh/MAPF_PIED_MDDR_RESEARCH/implementation_binding_evidence/gses_author_preflight_20261003_r9/vendor/STPG/inc/ConstrainedGraph/common.h:88:9: warning: ‘ConstrainedGraph::IterationStats::num_of_agents’ will be initialized after [-Wreorder]
   88 |     int num_of_agents;
      |         ^~~~~~~~~~~~~
/home/lyh/MAPF_PIED_MDDR_RESEARCH/implementation_binding_evidence/gses_author_preflight_20261003_r9/vendor/STPG/inc/ConstrainedGraph/common.h:86:9: warning:   ‘int ConstrainedGraph::IterationStats::sum_of_costs’ [-Wreorder]
   86 |     int sum_of_costs;
      |         ^~~~~~~~~~~~
/home/lyh/MAPF_PIED_MDDR_RESEARCH/implementation_binding_evidence/gses_author_preflight_20261003_r9/vendor/STPG/inc/ConstrainedGraph/common.h:93:5: warning:   when initialized here [-Wreorder]
   93 |     IterationStats(int num_of_agents, int sum_of_costs, double runtime, const string& algorithm,
      |     ^~~~~~~~~~~~~~
/home/lyh/MAPF_PIED_MDDR_RESEARCH/implementation_binding_evidence/gses_author_preflight_20261003_r9/vendor/STPG/inc/ConstrainedGraph/common.h:90:9: warning: ‘ConstrainedGraph::IterationStats::sum_of_costs_lowerbound’ will be initialized after [-Wreorder]
   90 |     int sum_of_costs_lowerbound;
      |         ^~~~~~~~~~~~~~~~~~~~~~~
/home/lyh/MAPF_PIED_MDDR_RESEARCH/implementation_binding_evidence/gses_author_preflight_20261003_r9/vendor/STPG/inc/ConstrainedGraph/common.h:89:12: warning:   ‘std::string ConstrainedGraph::IterationStats::algorithm’ [-Wreorder]
   89 |     string algorithm;
      |            ^~~~~~~~~
/home/lyh/MAPF_PIED_MDDR_RESEARCH/implementation_binding_evidence/gses_author_preflight_20261003_r9/vendor/STPG/inc/ConstrainedGraph/common.h:93:5: warning:   when initialized here [-Wreorder]
   93 |     IterationStats(int num_of_agents, int sum_of_costs, double runtime, const string& algorithm,
      |     ^~~~~~~~~~~~~~
In file included from /home/lyh/MAPF_PIED_MDDR_RESEARCH/implementation_binding_evidence/gses_author_preflight_20261003_r9/vendor/STPG/inc/ConstrainedGraph/SingleAgentSolver.h:2,
                 from /home/lyh/MAPF_PIED_MDDR_RESEARCH/implementation_binding_evidence/gses_author_preflight_20261003_r9/vendor/STPG/inc/ConstrainedGraph/SpaceTimeAStar.h:2,
                 from /home/lyh/MAPF_PIED_MDDR_RESEARCH/implementation_binding_evidence/gses_author_preflight_20261003_r9/vendor/STPG/src/ConstrainedGraph/SpaceTimeAStar.cpp:1:
/home/lyh/MAPF_PIED_MDDR_RESEARCH/implementation_binding_evidence/gses_author_preflight_20261003_r9/vendor/STPG/inc/ConstrainedGraph/Instance.h: In member function ‘void ConstrainedGraph::Instance::updateStartLocations(std::vector<ConstrainedGraph::Location>)’:
/home/lyh/MAPF_PIED_MDDR_RESEARCH/implementation_binding_evidence/gses_author_preflight_20261003_r9/vendor/STPG/inc/ConstrainedGraph/Instance.h:97:27: warning: comparison of integer expressions of different signedness: ‘int’ and ‘std::vector<ConstrainedGraph::Location>::size_type’ {aka ‘long unsigned int’} [-Wsign-compare]
   97 |         for (int i = 0; i < new_starts.size(); i++)
      |                         ~~^~~~~~~~~~~~~~~~~~~
In file included from /home/lyh/MAPF_PIED_MDDR_RESEARCH/implementation_binding_evidence/gses_author_preflight_20261003_r9/vendor/STPG/inc/ConstrainedGraph/SpaceTimeAStar.h:2,
                 from /home/lyh/MAPF_PIED_MDDR_RESEARCH/implementation_binding_evidence/gses_author_preflight_20261003_r9/vendor/STPG/src/ConstrainedGraph/SpaceTimeAStar.cpp:1:
/home/lyh/MAPF_PIED_MDDR_RESEARCH/implementation_binding_evidence/gses_author_preflight_20261003_r9/vendor/STPG/inc/ConstrainedGraph/SingleAgentSolver.h: In constructor ‘ConstrainedGraph::SingleAgentSolver::SingleAgentSolver(ConstrainedGraph::Instance*, int)’:
/home/lyh/MAPF_PIED_MDDR_RESEARCH/implementation_binding_evidence/gses_author_preflight_20261003_r9/vendor/STPG/inc/ConstrainedGraph/SingleAgentSolver.h:141:19: warning: ‘ConstrainedGraph::SingleAgentSolver::agent’ will be initialized after [-Wreorder]
  141 |         const int agent;
      |                   ^~~~~
/home/lyh/MAPF_PIED_MDDR_RESEARCH/implementation_binding_evidence/gses_author_preflight_20261003_r9/vendor/STPG/inc/ConstrainedGraph/SingleAgentSolver.h:94:18: warning:   ‘ConstrainedGraph::Location ConstrainedGraph::SingleAgentSolver::start_location’ [-Wreorder]
   94 |         Location start_location;
      |                  ^~~~~~~~~~~~~~
/home/lyh/MAPF_PIED_MDDR_RESEARCH/implementation_binding_evidence/gses_author_preflight_20261003_r9/vendor/STPG/inc/ConstrainedGraph/SingleAgentSolver.h:123:9: warning:   when initialized here [-Wreorder]
  123 |         SingleAgentSolver(Instance *instance, int agent) :
      |         ^~~~~~~~~~~~~~~~~
/home/lyh/MAPF_PIED_MDDR_RESEARCH/implementation_binding_evidence/gses_author_preflight_20261003_r9/vendor/STPG/inc/ConstrainedGraph/SingleAgentSolver.h: In constructor ‘ConstrainedGraph::SingleAgentSolver::SingleAgentSolver(ConstrainedGraph::Instance*, int, ConstrainedGraph::Path&)’:
/home/lyh/MAPF_PIED_MDDR_RESEARCH/implementation_binding_evidence/gses_author_preflight_20261003_r9/vendor/STPG/inc/ConstrainedGraph/SingleAgentSolver.h:141:19: warning: ‘ConstrainedGraph::SingleAgentSolver::agent’ will be initialized after [-Wreorder]
  141 |         const int agent;
      |                   ^~~~~
/home/lyh/MAPF_PIED_MDDR_RESEARCH/implementation_binding_evidence/gses_author_preflight_20261003_r9/vendor/STPG/inc/ConstrainedGraph/SingleAgentSolver.h:94:18: warning:   ‘ConstrainedGraph::Location ConstrainedGraph::SingleAgentSolver::start_location’ [-Wreorder]
   94 |         Location start_location;
      |                  ^~~~~~~~~~~~~~
/home/lyh/MAPF_PIED_MDDR_RESEARCH/implementation_binding_evidence/gses_author_preflight_20261003_r9/vendor/STPG/inc/ConstrainedGraph/SingleAgentSolver.h:131:9: warning:   when initialized here [-Wreorder]
  131 |         SingleAgentSolver(Instance *instance, int agent, Path &path) :
      |         ^~~~~~~~~~~~~~~~~
/home/lyh/MAPF_PIED_MDDR_RESEARCH/implementation_binding_evidence/gses_author_preflight_20261003_r9/vendor/STPG/src/ConstrainedGraph/SpaceTimeAStar.cpp: In member function ‘void ConstrainedGraph::SpaceTimeAStar::updatePath(const ConstrainedGraph::LLNode*, std::vector<ConstrainedGraph::PathEntry>&)’:
/home/lyh/MAPF_PIED_MDDR_RESEARCH/implementation_binding_evidence/gses_author_preflight_20261003_r9/vendor/STPG/src/ConstrainedGraph/SpaceTimeAStar.cpp:9:5: warning: this ‘if’ clause does not guard... [-Wmisleading-indentation]
    9 |     if (curr->is_goal)
      |     ^~
/home/lyh/MAPF_PIED_MDDR_RESEARCH/implementation_binding_evidence/gses_author_preflight_20261003_r9/vendor/STPG/src/ConstrainedGraph/SpaceTimeAStar.cpp:11:9: note: ...this statement, but the latter is misleadingly indented as if it were guarded by the ‘if’
   11 |         path.reserve(curr->g_val + 1);
      |         ^~~~
In file included from /home/lyh/MAPF_PIED_MDDR_RESEARCH/implementation_binding_evidence/gses_author_preflight_20261003_r9/vendor/STPG/src/ConstrainedGraph/common.cpp:1:
/home/lyh/MAPF_PIED_MDDR_RESEARCH/implementation_binding_evidence/gses_author_preflight_20261003_r9/vendor/STPG/inc/ConstrainedGraph/common.h: In constructor ‘ConstrainedGraph::IterationStats::IterationStats(int, int, double, const string&, int, int, std::vector<std::vector<ConstrainedGraph::PathEntry> >)’:
/home/lyh/MAPF_PIED_MDDR_RESEARCH/implementation_binding_evidence/gses_author_preflight_20261003_r9/vendor/STPG/inc/ConstrainedGraph/common.h:88:9: warning: ‘ConstrainedGraph::IterationStats::num_of_agents’ will be initialized after [-Wreorder]
   88 |     int num_of_agents;
      |         ^~~~~~~~~~~~~
/home/lyh/MAPF_PIED_MDDR_RESEARCH/implementation_binding_evidence/gses_author_preflight_20261003_r9/vendor/STPG/inc/ConstrainedGraph/common.h:86:9: warning:   ‘int ConstrainedGraph::IterationStats::sum_of_costs’ [-Wreorder]
   86 |     int sum_of_costs;
      |         ^~~~~~~~~~~~
/home/lyh/MAPF_PIED_MDDR_RESEARCH/implementation_binding_evidence/gses_author_preflight_20261003_r9/vendor/STPG/inc/ConstrainedGraph/common.h:93:5: warning:   when initialized here [-Wreorder]
   93 |     IterationStats(int num_of_agents, int sum_of_costs, double runtime, const string& algorithm,
      |     ^~~~~~~~~~~~~~
/home/lyh/MAPF_PIED_MDDR_RESEARCH/implementation_binding_evidence/gses_author_preflight_20261003_r9/vendor/STPG/inc/ConstrainedGraph/common.h:90:9: warning: ‘ConstrainedGraph::IterationStats::sum_of_costs_lowerbound’ will be initialized after [-Wreorder]
   90 |     int sum_of_costs_lowerbound;
      |         ^~~~~~~~~~~~~~~~~~~~~~~
/home/lyh/MAPF_PIED_MDDR_RESEARCH/implementation_binding_evidence/gses_author_preflight_20261003_r9/vendor/STPG/inc/ConstrainedGraph/common.h:89:12: warning:   ‘std::string ConstrainedGraph::IterationStats::algorithm’ [-Wreorder]
   89 |     string algorithm;
      |            ^~~~~~~~~
/home/lyh/MAPF_PIED_MDDR_RESEARCH/implementation_binding_evidence/gses_author_preflight_20261003_r9/vendor/STPG/inc/ConstrainedGraph/common.h:93:5: warning:   when initialized here [-Wreorder]
   93 |     IterationStats(int num_of_agents, int sum_of_costs, double runtime, const string& algorithm,
      |     ^~~~~~~~~~~~~~
In file included from /home/lyh/MAPF_PIED_MDDR_RESEARCH/implementation_binding_evidence/gses_author_preflight_20261003_r9/vendor/STPG/inc/ConstrainedGraph/Instance.h:2,
                 from /home/lyh/MAPF_PIED_MDDR_RESEARCH/implementation_binding_evidence/gses_author_preflight_20261003_r9/vendor/STPG/inc/ConstrainedGraph/DelayInstance.h:2,
                 from /home/lyh/MAPF_PIED_MDDR_RESEARCH/implementation_binding_evidence/gses_author_preflight_20261003_r9/vendor/STPG/src/ConstrainedGraph/constrained_graph_solver.cpp:2:
/home/lyh/MAPF_PIED_MDDR_RESEARCH/implementation_binding_evidence/gses_author_preflight_20261003_r9/vendor/STPG/inc/ConstrainedGraph/common.h: In constructor ‘ConstrainedGraph::IterationStats::IterationStats(int, int, double, const string&, int, int, std::vector<std::vector<ConstrainedGraph::PathEntry> >)’:
/home/lyh/MAPF_PIED_MDDR_RESEARCH/implementation_binding_evidence/gses_author_preflight_20261003_r9/vendor/STPG/inc/ConstrainedGraph/common.h:88:9: warning: ‘ConstrainedGraph::IterationStats::num_of_agents’ will be initialized after [-Wreorder]
   88 |     int num_of_agents;
      |         ^~~~~~~~~~~~~
/home/lyh/MAPF_PIED_MDDR_RESEARCH/implementation_binding_evidence/gses_author_preflight_20261003_r9/vendor/STPG/inc/ConstrainedGraph/common.h:86:9: warning:   ‘int ConstrainedGraph::IterationStats::sum_of_costs’ [-Wreorder]
   86 |     int sum_of_costs;
      |         ^~~~~~~~~~~~
/home/lyh/MAPF_PIED_MDDR_RESEARCH/implementation_binding_evidence/gses_author_preflight_20261003_r9/vendor/STPG/inc/ConstrainedGraph/common.h:93:5: warning:   when initialized here [-Wreorder]
   93 |     IterationStats(int num_of_agents, int sum_of_costs, double runtime, const string& algorithm,
      |     ^~~~~~~~~~~~~~
/home/lyh/MAPF_PIED_MDDR_RESEARCH/implementation_binding_evidence/gses_author_preflight_20261003_r9/vendor/STPG/inc/ConstrainedGraph/common.h:90:9: warning: ‘ConstrainedGraph::IterationStats::sum_of_costs_lowerbound’ will be initialized after [-Wreorder]
   90 |     int sum_of_costs_lowerbound;
      |         ^~~~~~~~~~~~~~~~~~~~~~~
/home/lyh/MAPF_PIED_MDDR_RESEARCH/implementation_binding_evidence/gses_author_preflight_20261003_r9/vendor/STPG/inc/ConstrainedGraph/common.h:89:12: warning:   ‘std::string ConstrainedGraph::IterationStats::algorithm’ [-Wreorder]
   89 |     string algorithm;
      |            ^~~~~~~~~
/home/lyh/MAPF_PIED_MDDR_RESEARCH/implementation_binding_evidence/gses_author_preflight_20261003_r9/vendor/STPG/inc/ConstrainedGraph/common.h:93:5: warning:   when initialized here [-Wreorder]
   93 |     IterationStats(int num_of_agents, int sum_of_costs, double runtime, const string& algorithm,
      |     ^~~~~~~~~~~~~~
In file included from /home/lyh/MAPF_PIED_MDDR_RESEARCH/implementation_binding_evidence/gses_author_preflight_20261003_r9/vendor/STPG/inc/ConstrainedGraph/DelayInstance.h:2,
                 from /home/lyh/MAPF_PIED_MDDR_RESEARCH/implementation_binding_evidence/gses_author_preflight_20261003_r9/vendor/STPG/src/ConstrainedGraph/constrained_graph_solver.cpp:2:
/home/lyh/MAPF_PIED_MDDR_RESEARCH/implementation_binding_evidence/gses_author_preflight_20261003_r9/vendor/STPG/inc/ConstrainedGraph/Instance.h: In member function ‘void ConstrainedGraph::Instance::updateStartLocations(std::vector<ConstrainedGraph::Location>)’:
/home/lyh/MAPF_PIED_MDDR_RESEARCH/implementation_binding_evidence/gses_author_preflight_20261003_r9/vendor/STPG/inc/ConstrainedGraph/Instance.h:97:27: warning: comparison of integer expressions of different signedness: ‘int’ and ‘std::vector<ConstrainedGraph::Location>::size_type’ {aka ‘long unsigned int’} [-Wsign-compare]
   97 |         for (int i = 0; i < new_starts.size(); i++)
      |                         ~~^~~~~~~~~~~~~~~~~~~
In file included from /home/lyh/MAPF_PIED_MDDR_RESEARCH/implementation_binding_evidence/gses_author_preflight_20261003_r9/vendor/STPG/inc/ConstrainedGraph/CBS/MDD.h:2,
                 from /home/lyh/MAPF_PIED_MDDR_RESEARCH/implementation_binding_evidence/gses_author_preflight_20261003_r9/vendor/STPG/inc/ConstrainedGraph/CBS/CBSHeuristic.h:2,
                 from /home/lyh/MAPF_PIED_MDDR_RESEARCH/implementation_binding_evidence/gses_author_preflight_20261003_r9/vendor/STPG/inc/ConstrainedGraph/CBS/CBS.h:2,
                 from /home/lyh/MAPF_PIED_MDDR_RESEARCH/implementation_binding_evidence/gses_author_preflight_20261003_r9/vendor/STPG/src/ConstrainedGraph/constrained_graph_solver.cpp:3:
/home/lyh/MAPF_PIED_MDDR_RESEARCH/implementation_binding_evidence/gses_author_preflight_20261003_r9/vendor/STPG/inc/ConstrainedGraph/SingleAgentSolver.h: In constructor ‘ConstrainedGraph::SingleAgentSolver::SingleAgentSolver(ConstrainedGraph::Instance*, int)’:
/home/lyh/MAPF_PIED_MDDR_RESEARCH/implementation_binding_evidence/gses_author_preflight_20261003_r9/vendor/STPG/inc/ConstrainedGraph/SingleAgentSolver.h:141:19: warning: ‘ConstrainedGraph::SingleAgentSolver::agent’ will be initialized after [-Wreorder]
  141 |         const int agent;
      |                   ^~~~~
/home/lyh/MAPF_PIED_MDDR_RESEARCH/implementation_binding_evidence/gses_author_preflight_20261003_r9/vendor/STPG/inc/ConstrainedGraph/SingleAgentSolver.h:94:18: warning:   ‘ConstrainedGraph::Location ConstrainedGraph::SingleAgentSolver::start_location’ [-Wreorder]
   94 |         Location start_location;
      |                  ^~~~~~~~~~~~~~
/home/lyh/MAPF_PIED_MDDR_RESEARCH/implementation_binding_evidence/gses_author_preflight_20261003_r9/vendor/STPG/inc/ConstrainedGraph/SingleAgentSolver.h:123:9: warning:   when initialized here [-Wreorder]
  123 |         SingleAgentSolver(Instance *instance, int agent) :
      |         ^~~~~~~~~~~~~~~~~
/home/lyh/MAPF_PIED_MDDR_RESEARCH/implementation_binding_evidence/gses_author_preflight_20261003_r9/vendor/STPG/inc/ConstrainedGraph/SingleAgentSolver.h: In constructor ‘ConstrainedGraph::SingleAgentSolver::SingleAgentSolver(ConstrainedGraph::Instance*, int, ConstrainedGraph::Path&)’:
/home/lyh/MAPF_PIED_MDDR_RESEARCH/implementation_binding_evidence/gses_author_preflight_20261003_r9/vendor/STPG/inc/ConstrainedGraph/SingleAgentSolver.h:141:19: warning: ‘ConstrainedGraph::SingleAgentSolver::agent’ will be initialized after [-Wreorder]
  141 |         const int agent;
      |                   ^~~~~
/home/lyh/MAPF_PIED_MDDR_RESEARCH/implementation_binding_evidence/gses_author_preflight_20261003_r9/vendor/STPG/inc/ConstrainedGraph/SingleAgentSolver.h:94:18: warning:   ‘ConstrainedGraph::Location ConstrainedGraph::SingleAgentSolver::start_location’ [-Wreorder]
   94 |         Location start_location;
      |                  ^~~~~~~~~~~~~~
/home/lyh/MAPF_PIED_MDDR_RESEARCH/implementation_binding_evidence/gses_author_preflight_20261003_r9/vendor/STPG/inc/ConstrainedGraph/SingleAgentSolver.h:131:9: warning:   when initialized here [-Wreorder]
  131 |         SingleAgentSolver(Instance *instance, int agent, Path &path) :
      |         ^~~~~~~~~~~~~~~~~
/home/lyh/MAPF_PIED_MDDR_RESEARCH/implementation_binding_evidence/gses_author_preflight_20261003_r9/vendor/STPG/src/ConstrainedGraph/constrained_graph_solver.cpp: In member function ‘void ConstrainedGraph::ConstrainedGraphSolver::solve_cg(const std::shared_ptr<Graph>&, const string&, const string&, const string&, const std::vector<int>&, const std::vector<int>&)’:
/home/lyh/MAPF_PIED_MDDR_RESEARCH/implementation_binding_evidence/gses_author_preflight_20261003_r9/vendor/STPG/src/ConstrainedGraph/constrained_graph_solver.cpp:63:12: warning: unused variable ‘search_time’ [-Wunused-variable]
   63 |     double search_time = cbs.runtime;
      |            ^~~~~~~~~~~
/home/lyh/MAPF_PIED_MDDR_RESEARCH/implementation_binding_evidence/gses_author_preflight_20261003_r9/vendor/STPG/src/simulate.cpp: In function ‘void simulate(const string&, const string&, const string&, const string&, int, const string&, const string&, const string&, const string&, bool, bool, float, float, int, uint, const string&, const string&)’:
/home/lyh/MAPF_PIED_MDDR_RESEARCH/implementation_binding_evidence/gses_author_preflight_20261003_r9/vendor/STPG/src/simulate.cpp:88:10: warning: unused variable ‘original_paths’ [-Wunused-variable]
   88 |   auto & original_paths = new_simulator->paths;
      |          ^~~~~~~~~~~~~~
